urls,tag
https://realty.economictimes.indiatimes.com/news/regulatory/ed-attaches-surya-vinayak-industries-properties-worth-rs-66-crore-in-pmla-case/74722839,fraud
https://economictimes.indiatimes.com/markets/stocks/news/kwality-under-investigation-for-alleged-190-million-fraud/articleshow/78247050.cms,fraud
https://economictimes.indiatimes.com/nri/nris-in-news/indian-pleads-guilty-in-telemarketing-scam-in-us/articleshow/77747064.cms,scam
https://economictimes.indiatimes.com/markets/stocks/news/pnb-reports-borrowal-fraud-of-rs-1203-crore-by-sintex-industries/articleshow/78412300.cms,fraud
https://economictimes.indiatimes.com/industry/banking/finance/banking/kotak-bank-registers-rs-170-crore-fraud-case-against-cox-kings/articleshow/78456405.cms,fraud
https://economictimes.indiatimes.com/industry/banking/finance/banking/punjab-national-bank-reports-rs-1203-26-crore-fraud-by-sintex-industries-ltd-/articleshow/78412449.cms,fraud
https://economictimes.indiatimes.com/industry/banking/finance/banking/yes-bank-fraud-case-bombay-high-court-grants-bail-to-wadhawan-brothers/articleshow/77650745.cms,fraud
https://economictimes.indiatimes.com/industry/banking/finance/banking/punjab-sind-bank-declares-npa-account-maha-associated-hotels-as-fraud/articleshow/76889701.cms,fraud
https://economictimes.indiatimes.com/nri/visa-and-immigration/indian-man-arrested-on-charges-of-usd-21-million-h-1b-visa-fraud-conspiracy/articleshow/77687083.cms,fraud
https://www.hindustantimes.com/india-news/70-arrested-in-qnet-scam-in-telangana/story-EhZbO1zDCq3utQApt8WFeP.html,scam
https://www.hindustantimes.com/india-news/ed-probes-scam-linked-to-embezzlement-fraud-in-brazil/story-G61sDvjuV9qB4IsBhBcb3N.html,scam
https://www.ndtv.com/india-news/38-named-in-bank-fraud-cases-fled-india-in-last-4-years-probe-agency-2295273,fraud
https://economictimes.indiatimes.com/news/politics-and-nation/mumbai-airport-development-scam-ed-registers-money-laundering-case/articleshow/76830992.cms,scam
https://economictimes.indiatimes.com/news/politics-and-nation/mumbai-airport-money-laundering-scam-ed-carries-out-searches-in-mumbai-hyderabad/articleshow/77214505.cms,scam
https://economictimes.indiatimes.com/news/politics-and-nation/medical-college-scam-cbi-court-summons-former-orissa-hc-judge/articleshow/72251187.cms,scam
https://economictimes.indiatimes.com/news/politics-and-nation/coal-scam-court-awards-3-year-jail-term-to-two-directors-of-company/articleshow/72056441.cms,scam
https://economictimes.indiatimes.com/news/politics-and-nation/aviation-scam-court-dismisses-bail-plea-of-corporate-lobbyist-deepak-talwar/articleshow/71427075.cms,scam
https://economictimes.indiatimes.com/news/politics-and-nation/aviation-scam-ed-to-apprise-court-about-status-of-probe-against-deepak-talwar/articleshow/71793193.cms,scam
https://economictimes.indiatimes.com/news/politics-and-nation/inx-media-scam-cbi-seeks-5-more-days-of-custodial-interrogation-of-chidambaram/articleshow/70842223.cms,scam
https://economictimes.indiatimes.com/news/politics-and-nation/scam-accused-mohammed-mansoor-khan-says-he-wants-to-return-to-india-and-surrender/articleshow/69922135.cms,scam
https://economictimes.indiatimes.com/news/politics-and-nation/medical-college-scam-serving-hc-judge-booked-by-cbi/articleshow/72403423.cms,scam
https://economictimes.indiatimes.com/news/politics-and-nation/pnb-scam-cbi-seeks-polygraph-narco-tests-on-accused-shetty/articleshow/70570566.cms,scam
https://economictimes.indiatimes.com/news/defence/rafale-deal-largest-defence-scam-in-indias-history-prashant-bhushan/articleshow/66196602.cms,scam
https://economictimes.indiatimes.com/news/politics-and-nation/chopper-scam-voluminous-documents-from-various-countries-received-during-probe-ed-tells-court/articleshow/70896248.cms,scam
https://economictimes.indiatimes.com/news/elections/lok-sabha/west-bengal/saradha-scam-narada-string-op-lead-to-losing-sting-in-west-bengal-polls/articleshow/68858715.cms,scam
https://economictimes.indiatimes.com/news/politics-and-nation/e-tender-scam-looms-large-over-madhya-pradesh-government/articleshow/65694727.cms,scam
https://economictimes.indiatimes.com/news/politics-and-nation/chopper-scam-sc-asks-rajeev-saxena-if-his-relatives-would-guarantee-return-after-ed-objects/articleshow/69944040.cms,scam
https://economictimes.indiatimes.com/news/politics-and-nation/pnb-scam-cbi-may-send-team-to-antigua-and-barbuda-for-mehul-choksi/articleshow/67447325.cms,scam
https://economictimes.indiatimes.com/news/politics-and-nation/ima-scam-cbi-seeks-to-prosecute-two-karnataka-ips-officers/articleshow/72888850.cms,scam
https://economictimes.indiatimes.com/news/politics-and-nation/ima-ponzi-scam-cbi-conducts-searches-at-15-locations-in-karnataka-up/articleshow/71973199.cms,scam
https://www.scamwatch.gov.au/get-help/real-life-stories/dating-romance-scam-georginas-facebook-fianc%C3%A9-leaves-her-flat-broke,scam
https://www.scamwatch.gov.au/get-help/real-life-stories/betting-sports-investment-schemes-adam%E2%80%99s-taken-for-a-ride-on-a-horse-betting-scam,scam
https://www.scamwatch.gov.au/get-help/real-life-stories/inheritance-scam-leo-gives-away-his-life-savings-trying-to-gain-an-inheritance,scam
https://www.scamwatch.gov.au/get-help/real-life-stories/false-billing-john-updated-supplier-details-and-it-ended-up-costing-thousands,scam
https://www.scamwatch.gov.au/get-help/real-life-stories/unexpected-prize-lottery-scam-davins-fictional-facebook-lottery-win,scam
https://www.scamwatch.gov.au/get-help/real-life-stories/travel-prize-scam-the-holiday-prize-which-nearly-cost-nicole-thousands-of-dollars,scam
https://www.scamwatch.gov.au/get-help/real-life-stories/investment-scam-how-steve-lost-200-000-to-an-investment-scam,scam
https://timesofindia.indiatimes.com/city/rajkot/second-remdesivir-scam-busted-in-rajkot-in-24-hours/articleshow/78380185.cms,scam
https://timesofindia.indiatimes.com/india/trp-scam-barc-says-its-efforts-focused-on-individuals-believes-channels-committed-to-clean-ecosystem/articleshow/78721924.cms,scam
https://timesofindia.indiatimes.com/city/hyderabad/cbi-books-hyd-co-for-rs-95-crore-loan-fraud/articleshow/77827846.cms,scam
https://timesofindia.indiatimes.com/city/vijayawada/esi-scam-director-of-private-company-held/articleshow/78709063.cms,scam
https://timesofindia.indiatimes.com/city/kochi/popular-finance-scam-hc-seeks-report-on-progress-of-investigation/articleshow/78003298.cms,scam
https://timesofindia.indiatimes.com/city/mumbai/rs-25k-cr-msc-bk-scam-ed-to-challenge-eow-closure-report/articleshow/78564100.cms,scam
https://timesofindia.indiatimes.com/city/madurai/hc-calls-for-details-of-cases-filed-arrests-in-pm-kisan-scheme-scam/articleshow/78544113.cms,scam
https://timesofindia.indiatimes.com/city/bengaluru/3-arrested-in-co-op-bank-scam/articleshow/78371907.cms,scam
https://timesofindia.indiatimes.com/city/navi-mumbai/nerul-man-held-in-fake-multi-crore-rly-job-scam/articleshow/78304161.cms,scam
https://timesofindia.indiatimes.com/city/mumbai/2-mumbai-bizmen-held-in-rs7cr-lonavala-land-scam/articleshow/78210710.cms,scam
https://timesofindia.indiatimes.com/city/bhubaneswar/cbi-raids-former-odisha-ministers-residence-over-chit-fund-scam/articleshow/78191321.cms,scam
https://timesofindia.indiatimes.com/city/delhi/two-held-for-multi-crore-ponzi-scam/articleshow/78074453.cms,scam
https://timesofindia.indiatimes.com/city/amaravati/n-chandrababu-naidu-behind-land-scam-in-amaravati-says-ap-sit/articleshow/78069853.cms,scam
https://timesofindia.indiatimes.com/city/hyderabad/ic-suppliers-in-fuel-scam-still-on-the-run/articleshow/78026924.cms,scam
https://timesofindia.indiatimes.com/business/india-business/now-mca-orders-probe-into-karvy/articleshow/73163073.cms,scam
https://timesofindia.indiatimes.com/india/ed-attaches-over-rs-14-cr-assets-in-bihars-srijan-scam-case/articleshow/76106878.cms,scam
https://timesofindia.indiatimes.com/city/chandigarh/chief-secretary-will-probe-scholarship-scam-punjab-cm-amarinder-singh/articleshow/77829733.cms,scam
https://timesofindia.indiatimes.com/city/patna/srijan-scam-cbi-files-chargesheets-against-60-accused/articleshow/76665903.cms,scam
https://timesofindia.indiatimes.com/city/bhubaneswar/cbi-court-finds-ex-union-min-ray-guilty-in-99-coal-scam-case/articleshow/78531114.cms,scam
https://globalnews.ca/news/7403839/edmonton-barista-fired-covid-19-scam/,scam
https://globalnews.ca/news/6050936/no-mistrial-thornhill-con-man-romantic-scam/,scam
https://globalnews.ca/news/5163537/gofundme-scam-johnny-bobbitt-sentence/,scam
https://globalnews.ca/news/3829131/fraudster-guilty-of-three-crimes-in-penticton-hockey-trip-scam/,scam
https://www.abc.net.au/news/2020-10-07/rockhampton-lawyer-douglas-winning-found-guilty-of-corruption/12739012,corruption
https://timesofindia.indiatimes.com/city/lucknow/sit-finds-suspended-ips-guilty-of-corruption/articleshow/78438170.cms,corruption
https://en.mercopress.com/2020/10/17/world-s-largest-meatpacker-brazil-s-j-f-pleads-guilty-in-us-court-on-corruption-charges,corruption
https://www.detroitnews.com/story/business/autos/2020/09/30/uaw-president-dennis-williams/3585291001/,corruption
https://www.cleveland19.com/2020/10/06/former-cuyahoga-county-it-administrator-pleads-guilty-corruption-charges/,corruption
https://africa.cgtn.com/2020/10/13/former-malawi-cabinet-minister-convicted-in-corruption-case/,corruption
https://in.reuters.com/article/us-j-f-brazil-crime/parent-of-brazils-jbs-pleads-guilty-to-us-foreign-bribery-charges-idINKBN26Z2FZ,corruption
https://www.king5.com/article/news/investigations/renton-contractor-pleads-guilty-in-king-county-drainage-district-corruption-case/281-aa1bb369-3857-4cac-b03b-3dd22bba2028,corruption
https://www.abc.net.au/news/2020-09-24/paul-pisasale-court-sexual-assault-corruption-ipswich-mayor/12668730,corruption
https://www.hindustantimes.com/mumbai-news/bjp-demands-resignation-of-maharashtra-congress-minister-yashomati-thakur-convicted-in-assault-case/story-wL8UkYTliafhnjctgjFy6K.html,corruption
https://www.illinoispolicy.org/former-comed-executive-pleads-guilty-in-madigan-corruption-probe/,corruption
https://www.aljazeera.com/news/2020/10/5/maldives-ex-vp-ahmed-adeeb-sentenced-to-20-years-for-corruption,corruption
https://chicago.suntimes.com/2020/9/28/21492328/ex-comed-vp-set-plead-guilty-corruption-charges-right-before-mike-madigan-committee-meets,corruption
https://www.voanews.com/east-asia-pacific/voa-news-china/chinese-property-tycoon-ren-zhiqiang-sentenced-18-year-corruption,corruption
https://www.thenorthernecho.co.uk/news/18766303.cleveland-police-officer-pleads-not-guilty-corruption-charges/,corruption
https://www.nytimes.com/2020/10/01/nyregion/union-boss-racketeering.html,corruption
https://indianexpress.com/article/india/corruption-in-coal-block-allocation-cbi-seeks-life-term-for-former-union-minister-5-others-6727276/,corruption
https://www.worldpoliticsreview.com/articles/29124/in-slovakia-corruption-fight-is-dealt-a-setback-from-tycoon-s-acquittal,corruption
https://foreignpolicy.com/2020/10/12/trumpworld-corruption-elliott-broidy-ultra-rich/,corruption
https://www.michiganradio.org/post/detroit-chief-11-officers-gone-2-face-criminal-charges-over-corrupt-narcotics-unit,corruption
https://www.freep.com/story/news/local/michigan/detroit/2020/10/14/detroit-police-narcotics-investigation/3657604001/,corruption
https://www.bbc.com/news/world-africa-53121994,corruption
https://jakartaglobe.id/news/prosecutors-demand-life-sentence-for-benny-tjokrosaputro,corruption
https://www.theguardian.com/sport/2020/sep/16/lamine-diack-former-world-athletics-president-found-guilty-of-corruption-and-sentenced-to-two-years-in-prison,corruption
https://newjerseyglobe.com/local/union-county-man-pleads-guilty-to-making-corrupt-payments/,corruption
https://www.oneindia.com/international/former-malaysia-pm-found-guilty-of-corruption-in-1mdb-financial-scandal-3126115.html,corruption
https://pittsburgh.cbslocal.com/2020/10/15/ex-washington-co-clerk-of-courts-pleads-guilty-to-stealing-taxpayer-money/,corruption
https://www.theguardian.com/books/2020/oct/18/norman-pilcher-detective-who-busted-john-and-yoko-grasses-up-1960s-coppers-beatles-rolling-stones,corruption
https://www.floridatoday.com/story/opinion/2020/10/15/isnardi-plea-deal-sends-wrong-message-palm-bays-corruption/5968953002/,corruption
https://www.deccanchronicle.com/sports/cricket/030420/hang-players-found-guilty-of-corruption-javed-miandad.html,corruption
https://www.republicworld.com/world-news/pakistan-news/charged-in-corruption-case-fmr-prez-asif-ali-zardari-hospitalized-aft.html,corruption
https://punemirror.indiatimes.com/pune/others/extortion-case-filed-against-police-inspector-murlidhar-khokale-takes-a-dramatic-turn/articleshow/78743008.cms,corruption
https://www.barbertonherald.com/2020/10/07/barberton-businessman-pleads-guilty-federal-corruption-case/,corruption
https://news.wttw.com/2020/09/01/former-mayor-cook-county-commissioner-pleads-guilty-corruption-charges,corruption
https://www.dw.com/en/former-malaysian-prime-minster-found-guilty-of-corruption/av-54347801,corruption
https://www.kqed.org/news/11838356/bribery-and-fraud-two-contractors-plead-guilty-in-sf-corruption-case,corruption
https://www.republicworld.com/world-news/china/former-cpc-member-and-top-banker-pleads-guilty-in-corruption-case.html,corruption
https://www.iol.co.za/the-star/opinion-analysis/editorial-maybe-sa-should-consider-thulis-suggestion-of-amnesty-for-corrupt-individuals--12a1ddab-e125-4aeb-af9b-4a06a7a678ba,corruption
https://www.usatoday.com/story/news/politics/2020/10/17/fbi-probes-possible-russia-link-hunter-biden-data-trump-ally-giuliani/3661895001/,corruption
https://www.worldoil.com/news/2020/7/29/pleading-not-guilty-to-corruption-charges-former-pemex-chief-pledges-to-prove-innocence,corruption
https://www.republicworld.com/india-news/elections/for-bihar-elections-2020-parties-not-shy-of-fielding-accused-or-convi.html,corruption
https://thebusinessjournal.com/san-francisco-businessman-to-plead-guilty-in-corruption-case/,corruption
https://northafricapost.com/44555-algeria-madame-maya-convicted-to-12-years-in-prison.html,corruption
https://www.wsj.com/articles/guilty-plea-entered-in-pdvsa-corruption-investigation-11597915801,corruption
https://www.floridatoday.com/restricted/?return=https%3A%2F%2Fwww.floridatoday.com%2Fstory%2Fopinion%2F2020%2F10%2F19%2Ftheres-no-easy-choice-brevard-county-commission-district-5%2F5979481002%2F,corruption
https://economictimes.indiatimes.com/markets/stocks/news/future-enterprises-defaults-on-interest-payments-of-ncds/articleshow/78392099.cms,defaulter
https://economictimes.indiatimes.com/industry/energy/oil-gas/bpcl-pays-for-defaulting-videocon-in-brazil-oil-block/articleshow/78344777.cms,defaulter
https://economictimes.indiatimes.com/markets/stocks/news/future-enterprises-slips-as-firm-defaults-on-debt-repayment/articleshow/78228887.cms,defaulter
https://economictimes.indiatimes.com/markets/stocks/news/future-consumer-defaults-on-debt-repayment-from-banks-others/articleshow/78516889.cms,defaulter
https://economictimes.indiatimes.com/markets/stocks/news/future-consumer-defaults-on-debt-repayment/articleshow/77984630.cms,defaulter
https://economictimes.indiatimes.com/mf/mf-news/navs-of-shut-franklin-schemes-fall-up-to-6-32-as-future-group-company-defaults/articleshow/77863794.cms,defaulter
https://economictimes.indiatimes.com/markets/stocks/news/future-enterprises-tanks-4-as-it-defaults-on-rs-16-crore-interest-payment/articleshow/78399257.cms,defaulter
https://economictimes.indiatimes.com/small-biz/sme-sector/end-of-loan-holiday-threatens-pain-defaults-for-indian-business/articleshow/78287475.cms,defaulter
https://economictimes.indiatimes.com/industry/banking/finance/banking/yes-bank-to-get-fresh-forensic-investigation-into-its-top-10-defaults/articleshow/78226246.cms,defaulter
https://economictimes.indiatimes.com/industry/banking/finance/banking/ac-muthiah-declared-as-wilful-defaulter-by-idbi-bank/articleshow/77857532.cms,defaulter
https://economictimes.indiatimes.com/markets/bonds/future-enterprises-defaults-on-bond-interest-payment/articleshow/77660693.cms,defaulter
https://economictimes.indiatimes.com/markets/stocks/news/reliance-power-defaults-on-payment-of-rs-300-cr-principal-interest/articleshow/77858974.cms,defaulter
https://economictimes.indiatimes.com/markets/stocks/news/future-retail-pays-rs-100-crore-bond-interest-avoids-default/articleshow/77733687.cms,defaulter
https://economictimes.indiatimes.com/markets/stocks/news/dhfl-defaults-on-ncd-repayments-of-rs-50-cr-says-cant-pay-due-to-moratorium-restrictions/articleshow/76795983.cms,defaulter
https://economictimes.indiatimes.com/industry/banking/finance/banking/sbi-sends-bpsl-promoters-notice-to-call-them-wilful-defaulters/articleshow/76987701.cms,defaulter
https://economictimes.indiatimes.com/industry/services/retail/amazon-india-partner-faces-debt-deadline-as-grace-period-ends/articleshow/77668464.cms,defaulter
https://economictimes.indiatimes.com/industry/banking/finance/pnb-housing-finance-takes-over-vipul-ltd-project-after-default/articleshow/76077986.cms,defaulter
https://economictimes.indiatimes.com/industry/banking/finance/nbfcs-stare-at-defaults-as-banks-refuse-moratorium-benefits/articleshow/75083362.cms,defaulter
https://economictimes.indiatimes.com/industry/banking/finance/banking/sbi-complains-to-cbi-after-rs-411-crore-loan-defaulter-flees-country/articleshow/75641543.cms,defaulter
https://economictimes.indiatimes.com/markets/stocks/news/reliance-capital-defaults-on-debt-repayment/articleshow/72246194.cms,defaulter
https://economictimes.indiatimes.com/markets/stocks/news/idbi-bank-tags-muthiah-wilful-defaulter/articleshow/77842965.cms,defaulter
https://economictimes.indiatimes.com/industry/telecom/telecom-news/indian-court-halts-insolvency-proceedings-against-reliances-anil-ambani/articleshow/77781586.cms,defaulter
https://economictimes.indiatimes.com/news/company/corporate-trends/kkr-drags-sintex-arm-to-nclt-over-rs-430-crore-loan/articleshow/77497650.cms,defaulter
https://www.financialexpress.com/industry/banking-finance/fund-diversion-sambandh-defaults-internal-fraud-says-cfo/2106833/,defaulter
https://therealdeal.com/2020/10/16/starwood-suing-hfz-for-157m-over-co-op-conversion-loan-default/,defaulter
https://www.business-standard.com/article/companies/shapoorji-pallinji-defaults-on-union-bank-commercial-paper-worth-rs-200-cr-120093001716_1.html,defaulter
https://timesofindia.indiatimes.com/city/gurgaon/mcg-cuts-tax-defaulters-water-sewage-connection/articleshow/78670552.cms,defaulter
https://timesofindia.indiatimes.com/city/mumbai/mumbai-edelweiss-takes-over-project-after-rs-439-crore-loan-default/articleshow/72032748.cms,defaulter
https://timesofindia.indiatimes.com/city/hyderabad/loan-fraud-pvt-firm-ceo-held/articleshow/78026972.cms,defaulter
https://timesofindia.indiatimes.com/city/hyderabad/agri-firm-defaults-on-rs-360-cr-loan-repayment/articleshow/77812819.cms,defaulter
https://timesofindia.indiatimes.com/business/india-business/peninsula-land-defaults-in-rs-177-crore-loan-from-sbi/articleshow/73067353.cms,defaulter
https://timesofindia.indiatimes.com/city/mumbai/top-law-school-decides-against-offering-edu-loans/articleshow/77514398.cms,defaulter
https://timesofindia.indiatimes.com/city/pune/loan-defaulter-dupes-fin-firm-sells-impounded-muv-to-many/articleshow/73853774.cms,defaulter
https://timesofindia.indiatimes.com/city/hyderabad/rs-826-crore-loan-fraud-cbi-raids-assets-of-ysr-congress-rebel-mp-raghurama-krishnam-raju/articleshow/78552320.cms,defaulter
https://timesofindia.indiatimes.com/city/delhi/father-son-promise-loans-cheat-businessmen-of-crores-in-delhi/articleshow/78525906.cms,defaulter
https://timesofindia.indiatimes.com/city/chennai/cbi-begins-probe-in-three-cases-of-rs-64cr-loan-fraud/articleshow/78501123.cms,defaulter
https://timesofindia.indiatimes.com/business/india-business/over-rs-68600-cr-loans-of-wilful-defaulters-including-choksi-mallya-firms-written-off-rbi-in-rti-reply/articleshow/75429868.cms,defaulter
https://timesofindia.indiatimes.com/city/nagpur/now-nmc-property-tax-defaulters-to-face-jail/articleshow/73969892.cms,defaulter
https://www.thehindu.com/news/cities/Hyderabad/arguments-continue-in-hc-over-fraudulent-loan-accounts/article32663135.ece,defaulter
https://timesofindia.indiatimes.com/business/india-business/rbi-sbi-declare-war-on-willful-defaulter/articleshow/78238912.cms,defaulter
https://timesofindia.indiatimes.com/business/india-business/telcos-stare-at-repayment-default-as-supreme-court-rejects-review/articleshow/73318720.cms,defaulter
https://timesofindia.indiatimes.com/city/ahmedabad/11-guj-firms-wilfully-defaulted/articleshow/77043847.cms,defaulter
"http://bloombergquint.com/business/more-than-1-700-big-wilful-defaulters-owe-rs-37-020-crore-to-pnb#:~:text=Winsome%20Diamond%20%26%20Jewellery%2C%20Gitanjali%20Gems,first%20quarter%20of%202020-21.&text=owed%20Rs%201%2C036.85%20crore%20while,at%20the%20end%20of%20Jun.",defaulter
https://indianexpress.com/article/business/companies/ed-registers-two-new-cases-against-winsome-diamonds-former-promoter/,defaulter
https://www.newindianexpress.com/nation/2018/apr/18/cbi-arrests-promoters-directors-of-vadodara-company-in-rs-2654-crore-loan-default-case-1803173.html,defaulter
https://economictimes.indiatimes.com/markets/stocks/news/ed-files-charge-sheet-against-vadodara-based-firm-in-rs-2600-crore-fraud/articleshow/67275515.cms,defaulter
https://economictimes.indiatimes.com/news/politics-and-nation/cbi-files-rs-1530-cr-cheating-case-against-jewellery-firms/articleshow/58032377.cms?from=mdr,defaulter
https://timesofindia.indiatimes.com/city/nashik/epfo-freezes-bank-a/c-of-269-defaulter-companies/articleshow/74541677.cms,defaulter
https://www.newindianexpress.com/business/2018/feb/28/another-firm-turns-defaulter-this-time-kanpur-based-shri-lakshmi-cotsyn-limited-fails-to-repay-rs-3-1780237.html,defaulter
https://timesofindia.indiatimes.com/city/chennai/industrialist-ac-muthiah-declared-wilful-defaulter/articleshow/77843414.cms,defaulter
https://timesofindia.indiatimes.com/business/india-business/reliance-big-ent-defaults-on-bonds/articleshow/76615104.cms,defaulter
https://timesofindia.indiatimes.com/city/chandigarh/panchkula-2000-tax-defaulters-get-sealing-notices/articleshow/74467922.cms,defaulter
https://timesofindia.indiatimes.com/city/pune/pune-civic-body-issues-over-80000-notices-to-tax-defaulters/articleshow/73889987.cms,defaulter
https://timesofindia.indiatimes.com/city/mumbai/eow-begins-probe-in-rs-239-crore-default-case-against-cox-kings/articleshow/77029488.cms,defaulter
https://timesofindia.indiatimes.com/business/india-business/staff-body-says-1-5l-cr-owed-to-psbs-by-wilful-defaulters/articleshow/77043738.cms,defaulter
https://timesofindia.indiatimes.com/city/nagpur/city-cos-in-bank-unions-defaulters-list-owe-rs2500-cr/articleshow/77056851.cms,defaulter
https://timesofindia.indiatimes.com/city/nashik/11-shops-seized-for-defaulting-on-rs-25l-rent/articleshow/76986152.cms,defaulter
https://timesofindia.indiatimes.com/business/india-business/sc-stays-default-bail-granted-by-hc-to-wadhawans-in-money-laundering-case/articleshow/77912883.cms,defaulter
https://timesofindia.indiatimes.com/city/chandigarh/developers-have-defaulted-rs-15276-crore-admits-haryana-government/articleshow/77766033.cms,defaulter
https://timesofindia.indiatimes.com/city/chandigarh/cash-strapped-state-govt-defaults-on-power-subsidy-payment/articleshow/77698435.cms,defaulter
https://timesofindia.indiatimes.com/city/patna/tax-defaulters-of-commercial-vehicles-get-govt-penalty-relief/articleshow/72044270.cms,defaulter
https://timesofindia.indiatimes.com/city/goa/epfo-cracks-down-on-defaulters/articleshow/73818560.cms,defaulter
https://timesofindia.indiatimes.com/business/india-business/over-rs-68600-cr-loans-of-wilful-defaulters-including-choksi-mallya-firms-written-off-rbi-in-rti-reply/articleshow/75429868.cms,defaulter
https://timesofindia.indiatimes.com/business/india-business/epfo-acts-tough-with-defaulters/articleshow/71092786.cms,defaulter
https://www.zawya.com/mena/en/business/story/More_firms_to_default_on_debt_due_to_business_slowdown_Moodys-ZAWYA20201015104901/,defaulter
https://www.timesnownews.com/business-economy/companies/article/after-defaulting-on-debt-repayment-anil-ambanis-reliance-capital-begins-process-to-sell-assets/656145,defaulter
https://mumbaimirror.indiatimes.com/news/india/rs-826-cr-bank-loan-default-case-ysr-congress-rebel-mp-homes-among-premises-searched/articleshow/78560203.cms,defaulter
https://timesofindia.indiatimes.com/business/india-business/future-retail-pays-interest-on-dollar-bonds-averts-default/articleshow/77728015.cms,none
https://timesofindia.indiatimes.com/business/india-business/future-retail-pays-rs-100-crore-bond-interest-avoids-default/articleshow/77737818.cms,none
https://timesofindia.indiatimes.com/business/india-business/msme-default-rate-lowest-in-biz-loans/articleshow/75610706.cms,none
https://timesofindia.indiatimes.com/city/chennai/dont-penalize-educational-institutes-defaulting-on-road-tax-madras-hc/articleshow/77046579.cms,none
https://timesofindia.indiatimes.com/city/nashik/nmc-gives-relief-to-property-tax-defaulters/articleshow/74939998.cms,none
https://www.hcamag.com/us/news/general/judge-dismisses-workers-defamation-claim-against-tesla/234201,none
https://m.futurecar.com/4157/Tesla-Wins-Defamation-Suit-Filed-by-a-Former-Employee-Accused-of-Hacking-at-the-Automakers-Nevada-Gigafactory,none
https://www.nationalheraldindia.com/india/aaj-tak-falsely-claims-congress-candidate-for-bihar-assembly-maskoor-usmani-hung-jinnahs-portrait-at-amu,none
https://www.independent.co.uk/news/uk/home-news/coronavirus-york-university-students-self-isolating-fire-b1097396.html,none
https://www.bloombergquint.com/onweb/airbus-wins-suit-over-payments-to-consultants-linked-to-scandal,none
https://www.thedailystar.net/rashedul-haque-chisty-gets-bail-2-corruption-cases-1980665,none
https://www.aljazeera.com/news/2020/10/19/pakistani-politician-released-as-opposition-to-continue-protests,none
https://www.thedailystar.net/high-court-grants-former-al-lawmaker-awal-his-wife-anticipatory-bail-corruption-cases-1972953,none
https://www.iol.co.za/news/politics/7-accused-in-r255m-asbestos-corruption-case-released-on-bail-e04cae0c-a130-4f72-a178-a17bae79c637,none
https://globalnews.ca/news/7388637/alberta-woman-calgary-court-fraud-jane-moore-sentenced/,fraud
https://globalnews.ca/news/7333942/woman-sawed-off-hand-million-slovenia/,fraud
https://globalnews.ca/news/4103135/carolyn-solomon-trinidad-trip/,fraud
https://globalnews.ca/news/6298876/snc-lavalin-sami-bebawi-guilty/,fraud
https://globalnews.ca/news/6425633/humboldt-broncos-gofundme-fraudster-guilty-andrij-olesiuk/,fraud
https://globalnews.ca/news/3256025/toronto-police-fraud-and-money-laundering-investigation/,fraud
https://globalnews.ca/news/6311363/snc-lavalin-corruption-pre-trial-hearing/,fraud
https://globalnews.ca/news/1443915/alberta-rv-salesman-to-be-sentenced-for-fraud/,fraud
https://globalnews.ca/news/5850879/fire-chief-fraud-jail-probation/,fraud
https://globalnews.ca/news/110981/senator-found-guilty-of-fraud-and-breach-of-trust/,fraud
https://globalnews.ca/news/6440536/2-people-connected-to-bank-card-fraud-arrested-hamilton-police/,fraud
https://globalnews.ca/news/5476221/former-fire-chief-guilty-fraud-theft-forgery/,fraud
https://globalnews.ca/news/1504675/vancouver-island-man-found-guilty-of-committing-65-million-fraud/,fraud
https://globalnews.ca/news/5270774/felicity-huffman-plead-guilty-college-scam/,fraud
https://globalnews.ca/news/3192457/ns-financial-manager-to-be-sentenced-in-1-million-fraud-case/,fraud
https://globalnews.ca/news/3835870/2-people-charged-in-walmart-fraud-case/,fraud
https://globalnews.ca/news/3838075/kelowna-man-guilty-of-defrauding-a-google-executive/,fraud
https://globalnews.ca/news/3082042/accused-calgary-cancer-faker-jennifer-halford-pleads-guilty-to-fraud/,fraud
https://globalnews.ca/news/1588767/man-sent-to-jail-for-fraud-and-theft-in-bogus-kelowna-investment-scheme/,fraud
https://globalnews.ca/news/2102618/okanagan-tax-advisors-convicted-of-fraud/,fraud
https://globalnews.ca/news/6171181/fraud-financial-advisor-saskatoon/,fraud
https://globalnews.ca/news/1588767/man-sent-to-jail-for-fraud-and-theft-in-bogus-kelowna-investment-scheme/,fraud
https://globalnews.ca/news/1988472/former-sasktel-managers-headed-to-jail-for-fraud/,fraud
https://globalnews.ca/news/6394996/snc-lavalin-sami-bebawi-sentencing/,fraud
https://www.moneycontrol.com/news/india/cbi-books-hyderabad-based-chadalavada-infratech-its-md-for-rs-166-crore-sbi-fraud-5912801.html,fraud
https://www.tampabay.com/news/health/2020/07/28/he-bought-a-lamborghini-after-getting-a-4-million-ppp-loan-now-he-faces-a-fraud-charge/,fraud
https://www.bbc.com/news/world-us-canada-54284360,fraud
https://www.nytimes.com/2018/12/02/world/middleeast/israel-netanyahu-bribery-charges.html,fraud
https://www.crn.com/news/applications-os/former-autonomy-executives-indicted-on-criminal-conspiracy-and-fraud-charges,fraud
https://nypost.com/2018/12/17/goldman-sachs-to-face-criminal-charges-in-multibillion-dollar-fraud-scheme/,fraud
https://www.nytimes.com/2018/12/11/nyregion/bloomberg-construction-fraud-kickback-charges.html,fraud
https://www.zdnet.com/article/arisebank-forced-to-pay-2-7-million-to-settle-sec-charges-of-cryptocurrency-service-fraud/,fraud
https://www.bloomberg.com/news/articles/2018-12-07/huawei-cfo-being-prosecuted-for-fraud-canada-lawyer-says,fraud
https://www.washingtonpost.com/business/2018/12/08/oversight-us-militarys-food-suppliers-called-into-question-after-fraud-indictment/?noredirect=on,fraud
https://www.bbc.com/news/world-us-canada-54284360,fraud
https://www.thehindu.com/news/cities/Kochi/all-nine-accused-in-bank-fraud-case-convicted/article27585635.ece,fraud
https://www.tampabay.com/news/health/2020/07/28/he-bought-a-lamborghini-after-getting-a-4-million-ppp-loan-now-he-faces-a-fraud-charge/,fraud
https://www.nytimes.com/2017/12/28/business/martin-shkreli-evan-greebel-convicted.html,fraud
https://www.delawareonline.com/story/news/crime/2017/12/20/man-charged-6-5-million-wire-fraud-scheme-run-out-new-castle-business/970680001/,fraud
https://www.sun-sentinel.com/news/crime/fl-reg-chiropractor-clinics-auto-insurance-fraud-20171219-story.html,fraud
https://www.cbsnews.com/news/fugitive-kentucky-lawyer-eric-conn-honduras-to-be-brought-back-to-us/,fraud
https://abcnews.go.com/Health/wireStory/companies-men-charged-1b-telemedicine-fraud-scheme-58517167,fraud
https://www.bostonglobe.com/metro/2018/10/11/fall-river-mayor-arrested-federal-fraud-charges-prosecutors-say-lived-lavish-lifestyle/lBtbCKDvTF9EhVi428RDwM/story.html,fraud
https://edition.cnn.com/2018/10/11/media/newsweek-indictment-ibt-media/index.html,fraud
https://www.reuters.com/article/us-petrobras-lawsuit/petrobras-reaches-deal-with-u-s-officials-in-car-wash-probe-idUSKCN1M71J1,fraud
https://www.bizjournals.com/southflorida/news/2018/09/25/former-bankrate-cfo-sentenced-to10-years-in-prison.html,fraud
https://money.cnn.com/2018/09/18/media/seaworld-sec-settlement/index.html,fraud
https://www.forbes.com/sites/matthewherper/2018/09/07/pharma-billionaire-charged-with-penny-stock-fraud/#46e739844ef8,fraud
https://www.denverpost.com/2018/08/30/walmart-manager-convicted-of-fraud/,fraud
https://www.telegraph.co.uk/news/2018/08/30/council-worker-charged-grenfell-tower-fraud-money-meant-victims/,fraud
https://www.nytimes.com/2018/11/01/business/goldman-sachs-malaysia-investment-fund.html,fraud
https://www.usnews.com/news/best-states/connecticut/articles/2020-09-30/ex-maryland-lawmaker-reports-to-prison-for-bribery-sentence,bribery
https://www.courthousenews.com/texas-attorney-general-accused-of-bribery-by-staff/,bribery
https://thecourier.com/news/283406/householder-runs-for-reelection-despite-federal-bribery-charges/,bribery
https://www.thehindu.com/news/national/tamil-nadu/two-tangedco-workers-convicted-for-bribery/article32807744.ece,bribery
https://arktimes.com/arkansas-blog/2020/10/16/8th-circuit-upholds-former-sen-jon-woods-conviction-in-bribery-case,bribery
https://gamblingcompliance.com/premium-content/insights_analysis/japanese-500com-advisors-guilty-bribery,bribery
https://www.gamblinginsider.com/news/10166/two-ex-advisers-of-chinese-gambling-firm-convicted-of-bribery,bribery
https://www.jdsupra.com/legalnews/second-circuit-affirms-mandatory-89025/,bribery
https://www.usnews.com/news/best-states/connecticut/articles/2020-09-30/ex-maryland-lawmaker-reports-to-prison-for-bribery-sentence,bribery
https://www.channelnewsasia.com/news/singapore/keppel-fels-7-people-charged-corruption-bribes-subcontractors-13280188,bribery
https://nypost.com/2020/10/05/former-top-catholic-cardinal-accused-of-bribing-sex-abuse-witnesses/,bribery
https://www.motherjones.com/politics/2020/03/a-right-wing-billionaire-was-just-convicted-of-bribery-and-hes-dragging-republicans-down-with-him/,bribery
https://www.bbc.com/news/uk-england-humber-53392318,bribery
https://www.charlotteobserver.com/news/politics-goernment/article240808661.html,bribery
https://www.wattagnet.com/articles/41365-jbs-parent-company-pleads-guilty-in-bribery-cases?v=preview,bribery
https://www.crainsnewyork.com/commercial-real-estate/ex-turner-construction-exec-pleads-guilty-bribery-scheme,bribery
https://in.reuters.com/article/us-j-f-brazil-crime/parent-of-brazils-jbs-pleads-guilty-to-u-s-foreign-bribery-charges-idUSKBN26Z2FZ,bribery
https://www.thecattlesite.com/news/56004/jf-investimentos-parent-company-of-brazils-jbs-pleads-guilty-to-us-foreign-bribery-charges/,bribery
https://gamblingcompliance.com/premium-content/insights_analysis/japanese-500com-advisors-guilty-bribery,bribery
https://www.bloombergquint.com/markets/florida-asphalt-company-pleads-guilty-in-foreign-bribery-case,bribery
https://www.enr.com/articles/50286-former-turner-bloomberg-managers-plead-guilty-in-15m-bribery-scheme,bribery
https://localnews8.com/news/crime-tracker/2020/10/08/virginia-man-pleads-guilty-to-bribery-of-fbi-official/,bribery
https://www.themonitor.com/2020/09/30/former-rgc-school-district-employee-pleads-not-guilty-bribery/,bribery
https://chicago.cbslocal.com/video/4749601-fidel-marquez-pleads-guilty-to-bribery-charges/,bribery
https://whistleblowersblog.org/2020/09/articles/whistleblower-news/foreign-corruption-whistleblowers/sargeant-marine-inc-pleads-guilty-to-bribing-south-american-government-officials-and-violations-of-fcpa/,bribery
https://abc7chicago.com/comed-mike-madigan-bribery-fidel-marquez/6632179/,bribery
https://www.law.com/dailybusinessreview/2020/09/23/boca-raton-company-pleads-guilty-for-latin-american-bribes/?slreturn=20200919071428,bribery
https://www.chicagotribune.com/news/criminal-justice/ct-berrios-son-in-law-luis-arroyo-bribery-arraignment-20201013-ll4fh5xcuna7zds75oaiwzcskm-story.html,bribery
https://www.financialexpress.com/industry/technology/google-india-to-face-criminal-trial-in-alleged-defamation-case/1790319/,defamation
https://www.thehindu.com/news/national/karnataka/ramya-wins-defamation-case-against-media-house/article27073216.ece,defamation
https://www.nationalheraldindia.com/india/arnab-goswami-served-defamation-notice-of-200-crore-by-filmmaker-sandip-ssingh,defamation
https://zeenews.india.com/people/arbaaz-khan-files-defamation-case-over-his-name-being-dragged-in-sushant-singh-rajput-and-disha-salians-death-on-social-media-2313277.html,defamation
https://timesofindia.indiatimes.com/entertainment/hindi/bollywood/news/bombay-hc-begins-hearing-of-defamation-case-by-richa-chadha-against-payal-ghosh-the-latters-lawyer-says-the-actress-innocently-made-the-alleged-statement/articleshow/78531145.cms,defamation
https://www.bollywoodbubble.com/bollywood-news/sandip-ssingh-files-defamation-case-against-arnab-goswami-republic-tv/,defamation
https://medicaldialogues.in/state-news/gujarat/woman-doctor-threatened-of-kidnapping-defamation-files-complaint-against-patients-kin-trio-70332,defamation
https://www.theedgemarkets.com/article/khalid-samad-files-defamation-suit-against-fmt-journalist,defamation
https://www.hindustantimes.com/cricket/pcb-legal-advisor-rizvi-files-defamation-case-against-shoaib-akhtar/story-ZnZnXhoLgD8cXv9AcxwtaN.html,defamation
https://www.ndtv.com/india-news/jharkhand-chief-minister-hemant-soren-files-rs-100-crore-defamation-case-against-bjp-mp-nishikant-dubey-2276209,defamation
https://newsadvance.com/news/local/liberty-university/the-new-york-times-files-to-dismiss-liberty-universitys-defamation-lawsuit/article_3b4f28f3-8a6f-575e-a046-725e127272d5.html,defamation
https://www.pinkvilla.com/entertainment/news/rhea-chakraborty-files-complaint-against-neighbour-making-false-allegation-misleading-probe-ssr-case-567936,defamation
https://timesofindia.indiatimes.com/sports/chess/lahiri-files-defamation-case-against-barua/articleshow/73044184.cms,defamation
https://www.firstpost.com/entertainment/johnny-depp-files-for-delay-in-defamation-case-against-amber-heard-to-resume-shooting-for-fantastic-beasts-3-8774791.html,defamation
https://mumbaimirror.indiatimes.com/photos/entertainment/arbaaz-and-sohail-khan-file-defamation-case-against-abhinav-kashyap/photostory/76440723.cms,defamation
https://newsable.asianetnews.com/india/kolkata-businessman-files-rs-100-crore-defamation-case-against-wife-her-14-lovers-qe7v2o,defamation
https://www.thehindu.com/news/cities/mumbai/jio-files-cheating-defamation-case-against-unidentified-people/article31094791.ece,defamation
https://www.freepressjournal.in/bhopal/bhopal-3-ministers-1-mla-file-defamation-case-against-digvijaya-singh,defamation
https://timesofindia.indiatimes.com/city/delhi/defamation-case-court-seeks-reply-on-plea-by-cm/articleshow/78628575.cms,defamation
https://www.firstpost.com/entertainment/richa-chadha-files-defamation-case-against-kamaal-r-khan-an-actress-and-others-before-bombay-hc-8883541.html,defamation
https://www.indiatvnews.com/entertainment/celebrities/arbaaz-khan-files-for-defamation-after-his-name-crops-up-in-sushant-case-653117,defamation
https://swarajyamag.com/insta/republic-tv-to-file-criminal-defamation-case-against-mumbai-police-commissioner-over-trp-fraud-allegation,defamation
https://www.hindustantimes.com/bollywood/sandip-ssingh-seeks-rs-200-cr-compensation-as-he-files-defamation-case-against-news-channel/story-Hrxi8OQnxJfmyis0eY4DhJ.html,defamation
https://kalingatv.com/state/kendrapara-mp-anubhav-mohanty-files-criminal-defamation-case-against-otv-and-2-others/,defamation
https://kalingatv.com/state/odisha-soa-university-files-defamation-against-o-tv/,defamation
https://www.tribuneindia.com/news/ludhiana/teacher-files-defamation-case-against-deputy-deo-elementary-113143,defamation
https://www.ndtv.com/world-news/amazon-founder-jeff-bezos-sued-by-girlfriend-lauren-sanchezs-brother-michael-sanchez-2173678,defamation
https://tribune.com.pk/story/2258820/nust-rector-files-defamation-case,defamation
https://www.firstpost.com/entertainment/nana-patekars-ngo-naam-foundation-files-defamation-suit-worth-rs-25-cr-against-tanushree-dutta-8143981.html,defamation
https://scroll.in/latest/930633/mahua-moitra-files-criminal-defamation-case-against-zee-news-editor-for-accusing-her-of-plagiarism,defamation
https://www.nationalheraldindia.com/health/coronavirus-may-spread-more-via-respiratory-droplets-in-winter-say-scientists,defamation
https://www.republicworld.com/entertainment-news/hollywood-news/justin-bieber-files-defamation-case-of-usd-20-mn-against-allegations.html,defamation
https://www.forbes.com/sites/lisettevoytko/2020/10/13/ghislaine-maxwell-battles-to-keep-old-intimate-deposition-confidential-in-court/#df061b54f84f,defamation
https://english.jagran.com/india/mumbaibased-advocate-files-complaint-against-kangana-for-using-foul-language-against-uddhav-thackeray-10016515,defamation
https://www.gamblingnews.com/news/mike-postle-strikes-back-files-330m-defamation-lawsuit/,defamation
https://www.thenews.com.pk/print/691378-shahbaz-s-son-in-law-files-500-000-defamation-case-against-daily-mail,defamation
https://www.gulftoday.ae/news/2020/06/08/pak-former-minister-rehman-malik-files-defamation-case-against-us-blogger-cynthia-ritchie,defamation
https://www.courthousenews.com/wisconsin-judge-files-defamation-case-over-political-tv-ads/,defamation
https://www.thehindu.com/news/cities/bangalore/model-files-defamation-case-against-tv-channel/article27098810.ece,defamation
https://www.newindianexpress.com/states/tamil-nadu/2020/jul/30/udhayanidhi-stalin-files-defamation-suit-against-youtuber-madhan-ravichandran-2176628.html,defamation
https://english.onlinekhabar.com/bhuwan-kc-files-defamation-case-against-samragyee-rl-shah.html,defamation
https://economictimes.indiatimes.com/news/politics-and-nation/gautam-gambhir-files-defamation-case-against-kejriwal-sisodia-and-atishi/videoshow/69263027.cms,defamation
https://economictimes.indiatimes.com/news/politics-and-nation/jay-shah-files-criminal-defamation-case-against-the-wire/articleshow/61009272.cms,defamation
https://www.republicworld.com/entertainment-news/bollywood-news/shamas-siddiqui-slams-nawazuddin-ex-wife-aaliya-for-fraud-defamation.html,defamation
https://www.snopes.com/news/2020/10/15/the-fog-of-war/,defamation
https://www.cnbctv18.com/finance/edelweiss-files-defamation-suit-against-moodys-6332511.htm,defamation
https://www.indiatvnews.com/news/india/defamation-case-filed-against-digvijay-singh-550686,defamation
https://trak.in/tags/business/2020/05/31/paytm-files-rs-100-crore-defamation-case-against-airtel-jio-vodafone-for-not-stopping-phishing-fraud-cases/,defamation
https://mumbaimirror.indiatimes.com/mumbai/crime/sahil-khan-files-defamation-case-against-3/articleshow/69780312.cms,defamation
https://scroll.in/latest/940075/mahua-moitra-moves-delhi-hc-challenging-order-to-stay-defamation-case-against-zee-news-editor,defamation
https://www.firstpost.com/living/mj-akbar-defamation-case-ex-minister-accuses-priya-ramani-of-knowingly-tarnishing-his-reputation-next-hearing-on-17-march-8101281.html,defamation
https://hwnews.in/news/politics/zee-media-defamation-case-mahua-moitra/106791,defamation
https://english.onlinekhabar.com/baskota-files-defamation-case-against-agent-who-leaked-audiotape.html,defamation
https://www.sentinelassam.com/north-east-india-news/assam-news/uppl-files-defamation-suit-against-bpf-chief-hagrama-mohilary-496597,defamation
https://thewire.in/law/delhi-court-grants-anticipatory-bail-to-journalist-vinod-dua-in-defamation-case,defamation
