,company,url,label
0,nirav modi,https://www.thehindu.com/news/national/pnb-fraud-case-london-court-rejects-nirav-modis-bail-application-for-seventh-time/article32945915.ece,none
1,nirav modi,https://www.tribuneindia.com/news/nation/london-court-rejects-nirav-modis-bail-application-for-seventh-time-161438,none
2,nirav modi,https://www.businesstoday.in/current/economy-politics/nirav-modi-scam-cbi-books-ex-pnb-manager-gokulnath-shetty-in-bribery-case/story/419414.html,none
3,nirav modi,https://www.financialexpress.com/lifestyle/scam-report-a-revelation-on-how-white-collar-crimes-happen-and-why/2112984/,none
4,nirav modi,https://www.hindustantimes.com/india-news/nirav-modi-made-death-threats-offered-bribe-to-witnesses-prosecutor-tells-uk-court/story-Vrw0MulMy7KmnrXJiS0AwM.html,none
5,nirav modi,https://scroll.in/article/869268/instrument-to-acquire-power-why-corruption-has-become-the-central-political-issue-in-india-today,none
6,nirav modi,https://timesofindia.indiatimes.com/world/uk/prosecution-outlines-fraud-and-money-laundering-charges-against-nirav-modi-in-london-courts/articleshow/75683392.cms,none
7,nirav modi,https://sambadenglish.com/not-just-scam-1992-5-instances-when-the-indian-stock-market-hit-by-fraudsters/,none
8,nirav modi,https://www.ndtv.com/business/pnb-fraud-nirav-modi-gave-gold-jewellery-in-bribe-to-bank-official-says-cbi-1819278,none
9,nirav modi,https://timesofindia.indiatimes.com/business/india-business/nirav-modi-case-fresh-cbi-chargesheet-against-retired-pnb-official-for-disproportionate-assets/articleshow/78444657.cms,none
10,nirav modi,https://www.telegraph.co.uk/news/0/inside-story-telegraph-caught-worlds-most-wanted-billionaire/,none
11,nirav modi,https://www.deccanherald.com/business/business-news/nirav-modi-faces-suicide-risk-politically-biased-trial-in-india-uk-court-told-884464.html,none
12,nirav modi,https://www.businesstoday.in/current/economy-politics/nirav-modi-assets-worth-rs-330-crore-seized-include-flats-in-mumbai-london-uae/story/409303.html,none
13,nirav modi,https://www.aninews.in/news/world/asia/following-week-of-high-drama-nirav-modi-trial-adjourned-until-september20200515172250,none
14,nirav modi,https://www.businesstoday.in/current/economy-politics/nirav-modi-mehul-choksi-case-ed-brings-back-rs-1350-cr-of-diamonds-pearls-from-hong-kong/story/406558.html,none
15,nirav modi,https://economictimes.indiatimes.com/news/politics-and-nation/pnb-fraud-case-nirav-modi-to-appear-via-videolink-at-uk-court/articleshow/72363443.cms,none
16,nirav modi,https://thewire.in/law/netflix-bad-boy-billionaires-release-restrained-satyam-scam-ramalinga-raju-stay,none
17,nirav modi,https://www.businesstoday.in/current/corporate/pnb-fraud-ed-files-fresh-charge-sheet-to-boost-mehul-choksis-extradition-chances/story/410420.html,none
18,nirav modi,https://www.oneindia.com/international/nirav-modi-faces-high-risk-of-suicide-his-lawyer-tells-uk-court-3146183.html,none
19,nirav modi,https://www.hindustantimes.com/india-news/cbi-asks-us-for-info-on-convicted-nris/story-MsX6GVsEVbTvVJyJtQbzTM.html,none
20,nirav modi,https://timesofindia.indiatimes.com/business/india-business/interpol-issues-red-corner-notice-against-nirav-modis-wife/articleshow/77752648.cms,none
21,nirav modi,https://www.gqindia.com/get-smart/content/vijay-mallya-pnb-nirav-modi-10-biggest-scams-in-india-that-sucked-the-country-dry-of-money,none
22,nirav modi,https://timesofindia.indiatimes.com/business/india-business/nirav-modi-threatened-to-kill-top-exec-cbi/articleshow/72910161.cms,none
23,nirav modi,https://www.law360.com/articles/1269113/modi-and-2-diamond-execs-say-no-grounds-for-ch-11-suit,none
24,nirav modi,https://www.businesstoday.in/current/economy-politics/bjp-govt-waived-rs-68607-crore-of-bank-loan-defaulters-alleges-congress/story/402270.html,none
25,nirav modi,https://www.pymnts.com/news/security-and-risk/2018/gold-bribe-india-diamond-heist-scandal/,none
26,nirav modi,https://thewire.in/film/bad-boy-billionaires-review-netflix-vijay-mallya-nirav-modi,none
27,nirav modi,https://theprint.in/opinion/pov/dont-look-at-netflixs-bad-boy-billionaires-for-closure-love-hate-relationship-will-go-on/521117/,none
28,nirav modi,https://www.businesstoday.in/current/economy-politics/pnb-fraud-eight-more-nirav-modi-aides-on-the-run/story/279600.html,none
29,nirav modi,https://www.india.com/business/pnb-manager-middleman-held-for-demanding-rs-1-lakh-bribe-over-purchase-of-buffaloes-cbi-3782385/,none
30,nirav modi,https://www.livemint.com/politics/news/nirav-modi-appears-before-uk-court-for-his-second-bail-hearing-1553864946219.html,none
31,nirav modi,https://www.businesstoday.in/sectors/banks/nirav-modi-confidante-shyam-wadhwa-admits-to-money-laundering-gives-crucial-evidence/story/273890.html,none
32,nirav modi,https://www.bloomberg.com/news/features/2018-06-28/did-this-jeweler-to-the-stars-commit-the-biggest-bank-fraud-in-india-s-history,none
33,nirav modi,https://theprint.in/india/4-bad-boy-billionaires-where-to-find-them-what-netflix-on-mallya-modi-roy-raju-reveals/496463/,none
34,nirav modi,https://www.businesstoday.in/current/corporate/finance-minister-nirav-modi-subramanian-swamy-finance-ministry-officials-complicit-in-nirav-modis-escape-says-subramanian-swamy/story/329216.html,none
35,nirav modi,https://www.indiatoday.in/india/story/ntpc-manager-takes-bribe-for-clearing-dues-of-contractor-caught-red-handed-by-cbi-1701372-2020-07-17,none
36,nirav modi,https://www.businesstoday.in/current/corporate/pnb-fraud-case-nirav-modi-enforcement-directorate-ed-funds-diversion-dummy-firms-pnb-fraud-case-nirav-modi-secured-fake-lous-to-divert-funds-through-dummy-firms-says-ed/story/327197.html,none
37,nirav modi,https://www.telegraph.co.uk/news/2019/11/06/billionaire-diamond-jeweller-attacked-prison-extortion-attempt/,none
38,nirav modi,https://www.indiatoday.in/india/story/cbi-interpol-nirav-modi-pnb-scam-nehal-modi-1616849-2019-11-07,none
39,nirav modi,https://www.businesstoday.in/current/corporate/nirav-modi-flat-jewellery-store-in-london-mayfair-fugitive-pnb-scam/story/279511.html,none
40,nirav modi,https://economictimes.indiatimes.com/news/politics-and-nation/pm-narendra-modi-under-fire-as-2-billion-india-fraud-hits-anti-graft-image/articleshow/63363173.cms,none
41,nirav modi,https://www.businesstoday.in/current/corporate/nirav-modi-mastermind-behind-scam-his-brother-erased-evidence-tried-to-hide-50kg-gold-ed-chargesheet/story/278963.html,none
42,nirav modi,https://in.news.yahoo.com/how-corruption-takes-place-in-banks-in-india-074544486.html,none
43,nirav modi,https://www.cpajournal.com/2020/04/06/financial-statement-fraud-by-external-parties/,none
44,nirav modi,https://www.businesstoday.in/trending/entertainment/bad-boy-billionaires-india-netflix-show-looks-into-mallya-nirav-modi-subrata-roy-ramalinga-raju-transgressions/story/414129.html,none
45,nirav modi,https://www.businesstoday.in/sectors/banks/live-updates-rs-11300-crore-fraud-at-pnb-cbi-begins-probe-nirav-modi-jewellery/story/270707.html,none
46,nirav modi,https://www.businesstoday.in/current/economy-politics/pnb-bank-scam-cbi-to-file-fresh-charges-in-2-billion-bank-fraud/story/390423.html,none
47,nirav modi,https://www.businesstoday.in/current/corporate/nirav-modi-continues-to-fleece-people-even-after-pnb-scam/story/284382.html,none
48,nirav modi,https://www.businesstoday.in/opinion/columns/naresh-goyal-nirav-modi-vijay-mallya-london-britain-indian-fugitive/story/351019.html,none
49,nirav modi,https://www.businesstoday.in/current/corporate/pnb-fraud-nirav-modi-purvi-modi-swiss-authorities-freeze-rs-283-crore/story/359376.html,none
50,nirav modi,https://www.hindustantimes.com/mumbai-news/ed-files-plea-to-extradite-nirav-modi-s-brother-in-14-000-crore-pnb-fraud-case/story-k1nmJn59v4dZ3BFxVnZ4WL.html,none
51,nirav modi,https://www.businesstoday.in/latest/pnb-scam-ed-files-new-charge-sheet-against-nirav-modi-under-anti-money-laundering-law/story/326549.html,none
52,nirav modi,https://www.ndtv.com/business/pnb-fraud-a-timeline-and-other-highlights-1821312,none
53,nirav modi,https://asiatimes.com/2020/10/the-rise-of-the-monopolists-in-modis-india/,none
54,nirav modi,https://www.businesstoday.in/latest/trends/i-am-not-anywhere-near-bankruptcy-when-vijay-mallya-once-mocked-donald-trump/story/418287.html,none
55,nirav modi,https://indianexpress.com/article/entertainment/web-series/bad-boy-billionaires-india-review-netflix-6704285/,none
56,nirav modi,https://www.businesstoday.in/current/economy-politics/nirav-modi-pnb-fraud-singapore-court-orders-to-freeze-assets-worth-rs-44-crore/story/360619.html,none
57,nirav modi,https://edtimes.in/netflixs-bad-boy-billionaires-on-nirav-modi-mallya-in-legal-soup/,none
58,nirav modi,https://www.businesstoday.in/current/corporate/nirav-modi-arrested-london-pnb-scam-live-updates/story/329491.html,none
59,nirav modi,https://hwnews.in/news/national-news/more-trouble-for-nirav-modi-as-he-is-accused-under-the-draconian-rico-act/85596,none
60,nirav modi,https://www.businesstoday.in/sectors/banks/pnb-fraud-cbi-chargesheets-nirav-modi-usha-ananthasubramaniam-23-others-rs-13700-crore-scam/story/276860.html,none
61,nirav modi,https://economictimes.indiatimes.com/news/company/corporate-trends/ex-cognizant-coo-to-pay-50k-fine-in-bribery-case/articleshow/71144904.cms,none
62,nirav modi,https://ahmedabadmirror.indiatimes.com/ahmedabad/others/why-is-being-honest-so-difficult-in-india/articleshow/62989451.cms,none
63,nirav modi,https://www.businesstoday.in/current/economy-politics/pnb-fraud-ed-eyes-nirav-modi-rs-4000-crore-worth-of-foreign-assets/story/282537.html,none
64,nirav modi,https://www.forbes.com/sites/ronakdesai/2018/03/07/india-continues-to-be-one-of-the-most-corrupt-countries-in-the-world/,none
65,nirav modi,https://www.businesstoday.in/current/economy-politics/nirav-modi-london-mea-matter-under-consideration-of-uk-govt-congress-pm-modi-poster-boy-of-fraudsters/story/326087.html,none
66,nirav modi,https://hwnews.in/news/national-news/cbi-bribery-case-delhi-court-expresses-displeasure-over-cbis-clean-chit-to-accused/125509,none
67,nirav modi,https://www.reuters.com/article/us-punjab-natl-bank-fraud-timeline-idUSKCN1GK15U,none
68,nirav modi,https://economictimes.indiatimes.com/news/politics-and-nation/not-only-mallya-and-nirav-36-businessmen-fled-from-country-in-recent-past-ed-informs-court/articleshow/68891980.cms,none
69,nirav modi,https://www.businesstoday.in/current/corporate/drt-directs-fugitive-diamond-merchant-nirav-modi-to-pay-over-rs-7200-cr-with-interest-to-pnb/story/362140.html,none
70,nirav modi,https://www.businesstoday.in/sectors/banks/pnb-staff-linked-to-nirav-modi-scam-have-properties-bank-accounts-abroad/story/273101.html,none
71,nirav modi,https://www.reuters.com/article/punjab-natl-bank-fraud-timeline-idUSL4N1QN4DP,none
72,nirav modi,https://thewire.in/business/india-inc-must-end-its-bribe-settle-and-move-on-culture,none
73,nirav modi,https://www.indiatoday.in/india/story/pnb-scam-fugitive-nirav-modi-custody-extended-till-november-17-1610393-2019-10-17,none
74,nirav modi,https://www.firstpost.com/business/interpol-issues-red-corner-notice-against-nirav-modis-brother-nehal-modi-7334021.html,none
75,nirav modi,https://www.businesstoday.in/current/economy-politics/cbi-books-frost-international-directors-in-over-rs-3500-crore-bank-fraud-case/story/394393.html,none
76,nirav modi,https://www.ndtv.com/india-news/giving-bribe-also-a-crime-parliament-passes-bill-1889065,none
77,nirav modi,https://www.lexology.com/library/detail.aspx?g=faa304db-906b-4ed7-b1bb-548cb0ce3864,none
78,nirav modi,https://www.ft.com/content/40b719ea-91a1-11e8-9609-3d3b945e78cf,none
79,nirav modi,https://www.businesstoday.in/current/economy-politics/pnb-fraud-cbi-ed-seize-property-worth-rs-26-crore-raid-nirav-modi-home/story/273293.html,none
80,nirav modi,https://thewire.in/law/pnb-fraud-ed-files-chargesheet-against-nirav-modi-associates,none
81,nirav modi,https://economictimes.indiatimes.com/markets/stocks/news/sebi-slaps-rs-5-crore-fine-on-mehul-choksi-dhanesh-sheth-gitanjali-gems/articleshow/74338548.cms,none
82,nirav modi,https://www.businesstoday.in/sectors/banks/pnb-fraud-companies-owned-by-nirav-modi-mehul-choksi-received-rs-427-crore-in-july-2014/story/272700.html,none
83,nirav modi,https://www.indiatoday.in/india/story/nirav-modi-red-corner-notice-travelled-usa-february-1492221-2019-04-02,none
84,nirav modi,https://www.businesstoday.in/sectors/banks/pnb-fraud-live-ed-cbi-seizes-nirav-modi-mehul-choksi/story/271258.html,none
85,nirav modi,https://www.businesstoday.in/current/corporate/pnb-fraud-ed-attaches-nirav-modi-11-properties-worth-rs-56-crore-in-dubai/story/288898.html,none
86,nirav modi,https://www.businesstoday.in/sectors/banks/ed-arrests-nirav-modi-shyam-wadhwa-pnb-fraud-case/story/273536.html,none
87,nirav modi,https://www.ndtv.com/india-news/nirav-modi-says-cant-return-to-india-over-safety-concerns-claims-case-being-politicised-1973117,none
88,nirav modi,https://www.dnaindia.com/india/report-hasmukh-adhia-helped-nirav-modi-flee-take-action-subramanian-swamy-letter-to-finance-minister-arun-jaitley-2668354,none
89,nirav modi,https://economictimes.indiatimes.com/news/politics-and-nation/sale-of-mf-husain-work-for-rs-2-crore-in-priyanka-gandhis-it-returns-congress/articleshow/74544112.cms,none
90,nirav modi,https://www.indiatoday.in/india/story/pnb-scam-forensic-audit-bares-modus-operandi-1626446-2019-12-08,none
91,nirav modi,https://www.businesstoday.in/sectors/banks/pnb-fraud-gokulnath-shetty-confesses-he-issued-all-lous-nirav-modi-mehucl-choksi-blackmailed-him/story/274438.html,none
92,nirav modi,https://www.businesstoday.in/current/economy-politics/2426-firms-looted-rs-147-lakh-crore-from-banks-will-govt-investigate-asks-rahul-gandhi/story/410402.html,none
93,nirav modi,https://www.businesstoday.in/latest/an-unpredictable-thriller-with-real-depiction-of-a-scamster/story/271062.html,none
94,nirav modi,https://www.businesstoday.in/sectors/banks/two-pnb-executive-directors-sacked-for-failure-to-stop-nirav-modi-fraud/story/311894.html,none
95,nirav modi,https://www.news18.com/news/india/nirav-modi-a-k-a-edmond-dantes-a-fake-identity-and-strange-fascination-with-count-of-monte-cristo-2254295.html,none
96,nirav modi,https://www.businesstoday.in/current/economy-politics/pnb-scam-mehul-choksi-ed-fugitive-jeweller-moves-bombay-high-court-says-seized-goods-undervalued-seeks-revaluation/story/382083.html,none
97,nirav modi,https://www.timesnownews.com/business-economy/industry/article/bad-boys-of-india-inc-who-were-put-behind-bars-for-some-of-biggest-corporate-frauds-in-country/655200,none
98,nirav modi,https://www.indiatoday.in/india/story/mehul-choksi-nirav-modi-antiguan-citizenship-application-rejected-1491584-2019-04-01,none
99,nirav modi,https://timesofindia.indiatimes.com/business/india-business/nirav-modi-case-2-pnb-executive-directors-sacked/articleshow/67607021.cms,none
100,nirav modi,https://timesofindia.indiatimes.com/business/india-business/boost-to-bid-for-niravs-extradition-uk-court-allows-gois-evidence/articleshow/79027555.cms,none
101,nirav modi,https://www.businessinsider.in/india/news/nirav-modi-faces-another-setback-as-uk-judge-rules-in-indias-favour/articleshow/79035305.cms,none
102,nirav modi,https://www.khaleejtimes.com/world/europe/fugitive-nirav-modi-faces-another-setback-as-uk-judge-rules-in-indias-favour,none
103,nirav modi,https://www.hindustantimes.com/india-news/no-tolerance-of-corruption-no-place-for-middlemen-in-new-india-pm-modi/story-JKIewV8igNkf6fBSHnOEXN.html,none
104,nirav modi,https://www.thehindu.com/news/national/nirav-modi-case-fresh-cbi-charge-sheet-against-retired-pnb-official-for-disproportionate-assets/article32752118.ece,none
105,nirav modi,https://www.sentinelassam.com/editorial/catching-the-scamsters-512763,none
106,nirav modi,https://www.entrepreneur.com/article/355330,none
107,nirav modi,https://english.newstracklive.com/news/nirav-modi-case-cbi-filed-new-chargesheet-against-retired-pnb-officer-mc23-nu764-ta764-ta277-1121944-1.html,none
108,nirav modi,https://www.dailyo.in/variety/bad-boy-billionaires-netflix-series-docudrama-dailyrecco/story/1/33882.html,none
109,nirav modi,https://scroll.in/article/869268/instrument-to-acquire-power-why-corruption-has-become-the-central-political-issue-in-india-today,none
110,nirav modi,https://economictimes.indiatimes.com/news/politics-and-nation/nirav-modi-remanded-in-custody-till-july-9-by-uk-court/articleshow/76320189.cms,none
111,nirav modi,https://economictimes.indiatimes.com/news/politics-and-nation/pnb-bank-scam-fugitive-nirav-modi-seeks-bail-citing-depression/videoshow/78042274.cms,none
112,nirav modi,https://telanganatoday.com/telangana-hc-adjourns-case-on-bad-boy-billionaires-india-documentary,none
113,nirav modi,https://economictimes.indiatimes.com/news/politics-and-nation/pnb-scam-court-allows-confiscation-of-nirav-modis-assets/articleshow/76265635.cms,none
114,nirav modi,https://scroll.in/latest/978994/subrata-roy-must-pay-rs-62600-crore-to-stay-out-of-jail-sebi-tells-supreme-court,none
115,nirav modi,https://qz.com/india/1208266/the-1-8-billion-punjab-national-bank-nirav-modi-fraud-explained/,none
116,nirav modi,https://scroll.in/latest/972920/nirav-modi-a-convenient-scapegoat-wont-get-fair-trial-in-india-markandey-katju-tells-uk-court,none
117,nirav modi,https://www.thehindu.com/news/national/nirav-modi-hearing-former-sc-judge-katju-challenged-as-self-publicist/article32586733.ece,none
118,nirav modi,https://economictimes.indiatimes.com/news/politics-and-nation/pnb-fraud-case-court-orders-state-to-seize-nirav-modis-properties-worth-rs-1400-crore/videoshow/76264567.cms,none
119,nirav modi,https://www.thehindubusinessline.com/money-and-banking/cbi-books-former-pnb-official-in-bribery-case/article32897743.ece,none
120,nirav modi,https://timesofindia.indiatimes.com/world/uk/prosecution-outlines-fraud-and-money-laundering-charges-against-nirav-modi-in-london-courts/articleshow/75683392.cms,none
121,nirav modi,https://www.hindustantimes.com/india-news/mehul-choksi-moves-delhi-high-court-against-netflix-documentary/story-r18vd02KWQiNMf38lmLP5K.html,none
122,nirav modi,https://www.nytimes.com/2019/03/21/business/nirav-modi-arrested-fraud-jewelry.html,none
123,nirav modi,https://qz.com/india/1660543/after-nirav-modi-another-scam-rocks-indias-punjab-national-bank/,none
124,nirav modi,https://www.thehindu.com/business/Industry/all-you-need-to-know-about-nirav-modi-and-the-177-billion-pnb-fraud/article22753973.ece,none
125,nirav modi,https://economictimes.indiatimes.com/news/politics-and-nation/indian-government-submits-more-proof-against-nirav-modi-in-money-laundering-case/articleshow/75724659.cms,none
126,nirav modi,https://www.hindustantimes.com/india-news/nirav-modi-s-son-moves-hc-challenges-confiscation-of-trust-properties/story-dl8wQ4oU6z947e8UwdSaHN.html,none
127,nirav modi,https://economictimes.indiatimes.com/news/politics-and-nation/pnb-scandal-ed-brings-back-consignments-of-nirav-modi-mehul-choksi/articleshow/76304485.cms,none
128,nirav modi,https://hk.asiatatler.com/style/fugitive-diamond-dealer-nirav-modi,none
129,nirav modi,https://news.bloomberglaw.com/bankruptcy-law/nirav-modi-associates-pressed-on-bankruptcy-court-fraud-claims,none
130,nirav modi,https://www.indiatoday.in/india/story/uk-court-extends-nirav-modi-s-custody-judge-to-hear-admissibility-of-evidence-on-november-3-1730106-2020-10-09,none
131,nirav modi,https://www.businesstoday.in/current/economy-politics/pnb-gets-usd-3-25-million-from-liquidation-of-nirav-modi-us-based-companies/story/414063.html,none
132,nirav modi,https://www.ndtv.com/india-news/nirav-modi-scam-shows-fault-in-bjp-anti-corruption-promises-shiv-sena-1813986,none
133,nirav modi,https://www.outlookindia.com/website/story/business-news-two-pnb-officials-sacked-for-procedural-lapses-in-nirav-modi-fraud-case/323904,none
134,nirav modi,https://www.livemint.com/opinion/columns/the-arrest-of-nirav-modi-and-the-rule-of-law-1553446074618.html,none
135,nirav modi,https://www.firstpost.com/business/pnb-fraud-nirav-modi-remanded-to-custody-set-for-remote-extradition-trial-from-11-may-in-uk-court-8310151.html,none
136,nirav modi,https://www.cnn.com/2019/03/20/asia/nirav-modi-arrest-intl/index.html,none
137,nirav modi,https://www.businesstoday.in/current/corporate/pnb-fraud-case-nclt-orders-liquidation-fugitive-diamantaire-nirav-modi-scam-hit-firm/story/397559.html,none
138,nirav modi,https://www.firstpost.com/business/nirav-modi-extradition-trial-begins-today-uk-court-rejects-plea-seeking-partial-ban-on-reportage-of-case-8792531.html,none
139,nirav modi,https://scroll.in/reel/975064/bad-boy-billionaires-india-review-nothing-new-here-on-vijay-mallya-nirav-modi-and-subrata-roy,none
140,nirav modi,https://thewire.in/law/netflix-bad-boy-billionaires-release-restrained-satyam-scam-ramalinga-raju-stay,none
141,nirav modi,https://www.nationalheraldindia.com/india/small-shareholders-of-laxmi-vilas-bank-in-trouble-due-to-negligent-attitude-of-rbi,none
142,nirav modi,https://www.newsclick.in/Neeshal-Modi-Absconding-PNB-Nirav-Modi-Mehul-Choksi,none
143,nirav modi,https://www.businessinsider.in/thelife/personalities/news/checkout-netflix-series-bad-boy-billionaires-of-india-vijay-mallya-subrata-roy-nirav-modi-and-ramalinga-raju/slidelist/77816239.cms,none
144,nirav modi,https://www.connectedtoindia.com/nirav-modi-case-verdict-to-be-made-after-final-hearing-set-for-december-1-8144.html,none
145,nirav modi,https://www.law360.com/articles/1269113/modi-and-2-diamond-execs-say-no-grounds-for-ch-11-suit,none
146,nirav modi,https://www.hindustantimes.com/india-news/ed-files-new-charge-sheet-to-aid-mehul-choksi-s-extradition/story-gFGXZyKikbi0QxKc2PcQqO.html,none
147,nirav modi,https://economictimes.indiatimes.com/news/politics-and-nation/pnb-fraud-swiss-authorities-freeze-4-bank-accounts-of-nirav-modi-sister/articleshow/69971427.cms,none
148,nirav modi,https://www.hindustantimes.com/mumbai-news/hc-asks-government-to-file-affidavit-as-reply-to-plea-by-nirav-modi-s-son/story-Nh8VXsfDXHgmzS9uOad2YO.html,none
149,nirav modi,https://economictimes.indiatimes.com/news/politics-and-nation/pnb-fraud-case-nirav-modi-remanded-until-february-27/videoshow/73773625.cms,none
150,nirav modi,https://www.tribuneindia.com/news/nation/nirav-modi-to-make-fifth-attempt-at-bail-in-uk-court-50896,none
151,nirav modi,https://economictimes.indiatimes.com/news/politics-and-nation/nirav-modis-fresh-bail-plea-rejected-by-uk-court-in-pnb-fraud-case/videoshow/71941482.cms,none
152,nirav modi,https://www.indiatoday.in/india/story/uk-court-extends-nirav-modi-judicial-remand-august-6-1698793-2020-07-09,none
153,nirav modi,https://timesofindia.indiatimes.com/business/india-business/nirav-modi-threatened-to-kill-top-exec-cbi/articleshow/72910161.cms,none
154,nirav modi,https://www.oneindia.com/international/nirav-modi-s-remand-extended-extradition-hearing-on-nov-3-3161482.html,none
155,nirav modi,https://in.reuters.com/article/us-india-netflix-idINKBN26525G,none
156,nirav modi,https://www.news18.com/news/opinion/we-accept-old-notes-how-nirav-modis-a-team-helped-him-dodge-2016-note-ban-clampdown-2357457.html,none
157,nirav modi,https://theprint.in/opinion/whatsapp-forwards-nirav-modi-pm-modi-selfless-hero-congess-evil-villain/38898/,none
158,nirav modi,https://www.hindustantimes.com/india-news/singapore-high-court-orders-freezing-of-account-of-firm-owned-by-nirav-modi-s-sister/story-livzBt2vzhUQo4QOiawSkL.html,none
159,nirav modi,https://www.inventiva.co.in/stories/oorja/uk-court-extends-judicial-custody-of-nirav-modi-till-6-august/,none
160,nirav modi,https://www.business-standard.com/article/pti-stories/mallya-nirav-modi-faced-court-heat-relief-for-ajit-pawar-119122600557_1.html,none
161,nirav modi,https://timesofindia.indiatimes.com/business/india-business/nirav-modi-fraud-costs-pnb-rs-14357-crore/articleshow/64176501.cms,none
162,nirav modi,https://www.ndtv.com/india-news/no-pre-screening-of-netflix-bad-boy-billionaires-for-mehul-choksi-says-delhi-high-court-2286876,none
163,nirav modi,https://scroll.in/latest/942875/pnb-scam-uk-court-rejects-nirav-modis-latest-bail-application,none
164,nirav modi,https://www.firstpost.com/business/pnb-fraud-case-uk-court-yet-again-remands-fugitive-diamantaire-nirav-modi-in-custody-until-27-february-7976711.html,none
165,nirav modi,https://www.deccanherald.com/opinion/panorama/what-the-nirav-modi-case-tells-us-about-soft-state-india-723092.html,none
166,nirav modi,https://www.theweek.in/theweek/cover/2020/10/09/right-on-the-money.html,none
167,nirav modi,https://thewire.in/film/bad-boy-billionaires-netflix-nirav-modi-vijay-mallya-subrata-roy-arrogance-entitlement-disdain-laws,none
168,nirav modi,https://www.bloomberg.com/news/features/2018-06-28/did-this-jeweler-to-the-stars-commit-the-biggest-bank-fraud-in-india-s-history,none
169,nirav modi,https://www.livemint.com/Companies/7zQvBwuOrZh88hxwvC309J/PNB-fraud-How-Nirav-Modi-pulled-off-the-great-Indian-bank-r.html,none
170,nirav modi,https://www.gqindia.com/get-smart/content/vijay-mallya-pnb-nirav-modi-10-biggest-scams-in-india-that-sucked-the-country-dry-of-money,none
171,nirav modi,https://www.oneindia.com/international/nirav-modi-faces-high-risk-of-suicide-his-lawyer-tells-uk-court-3146183.html,none
172,nirav modi,https://economictimes.indiatimes.com/magazines/panache/nirav-modis-rolls-royce-ghost-diamond-watch-amrita-sher-gil-painting-to-go-under-the-hammer/articleshow/74317149.cms,none
173,nirav modi,https://economictimes.indiatimes.com/news/politics-and-nation/nirav-modi-denied-bail-in-london-over-bank-fraud-case/articleshow/68635380.cms,none
174,nirav modi,https://www.thehindu.com/news/national/red-notices-against-nirav-modis-brothers-vanish-from-interpol-site/article29678406.ece,none
175,nirav modi,https://qz.com/india/1370592/us-court-report-names-nirav-modi-firms-in-pnb-fraud/,none
176,nirav modi,https://timesofindia.indiatimes.com/city/hyderabad/new-vizag-top-cop-has-handled-nirav-modi-case/articleshow/77513364.cms,none
177,nirav modi,https://foreignpolicy.com/2020/10/12/trumpworld-corruption-elliott-broidy-ultra-rich/,none
178,nirav modi,https://mumbaimirror.indiatimes.com/mumbai/cover-story/belgium-will-not-extradite-nirav-modis-siblings-and-biz-associate/articleshow/72030858.cms,none
179,nirav modi,https://www.indiatoday.in/india/video/ed-brings-back-rs-1-350-crore-worth-diamonds-pearls-of-nirav-modi-mehul-choksi-from-hong-kong-1687785-2020-06-11,none
180,nirav modi,https://www.livemint.com/Companies/2rBU4V1jumGfJguL9rdSyO/Nirav-Modi-Vijay-Mallya-and-29-other-Indian-fugitives-owe.html,none
181,nirav modi,https://indianexpress.com/article/entertainment/web-series/bad-boy-billionaires-india-vijay-mallya-nirav-modi-scam-corruption-video-6569145/,none
182,nirav modi,https://economictimes.indiatimes.com/news/politics-and-nation/mumbai-nirav-modi-declared-fugitive-economic-offender-in-pnb-scam-case/videoshow/72382192.cms,none
183,nirav modi,https://www.livemint.com/news/india/nirav-modi-aides-charged-under-us-law-used-to-nail-mobsters-1554059100639.html,none
184,nirav modi,https://indianexpress.com/article/opinion/columns/pnb-fraud-nirav-modi-bjp-narendra-modi-congress-art-of-scam-management-5079346/,none
185,nirav modi,https://www.smh.com.au/world/asia/behind-bars-india-s-diamond-king-nirav-modi-s-fall-from-grace-20190423-p51gf4.html,none
186,nirav modi,https://www.firstpost.com/business/a-year-after-pnb-fraud-lessons-learnt-from-nirav-modi-episode-but-some-questions-still-elude-answers-6085931.html,none
187,nirav modi,https://www.reuters.com/article/india-netflix-idUSKBN25U1IZ,none
188,nirav modi,https://www.thehindubusinessline.com/money-and-banking/bank-of-india-union-bank-claims-against-nirav-modis-american-firms-disallowed/article29872080.ece,none
189,nirav modi,https://economictimes.indiatimes.com/news/politics-and-nation/govt-removes-ed-mumbai-chief-over-nirav-modi-case-controversy/articleshow/68911635.cms,none
190,nirav modi,https://timesofindia.indiatimes.com/india/former-sc-judge-markandey-katju-challenged-as-self-publicist-at-nirav-modi-uk-hearing/articleshow/78064760.cms,none
191,nirav modi,https://www.india.com/news/india/nirmala-sitharaman-vows-to-bring-nirav-modi-mehul-choksi-back-in-india-says-nda-gave-corruption-free-government-2971462/,none
192,nirav modi,https://economictimes.indiatimes.com/news/politics-and-nation/fugitive-diamond-merchant-nirav-modi-arrested-in-london/videoshow/68496987.cms,none
193,nirav modi,https://economictimes.indiatimes.com/news/politics-and-nation/cbi-registers-da-case-against-retired-pnb-official-accused-in-nirav-modi-case/articleshow/66653251.cms,none
194,nirav modi,https://economictimes.indiatimes.com/news/politics-and-nation/pnb-fraud-uk-court-denies-bail-to-nirav-modi-for-third-time/videoshow/69244830.cms,none
195,nirav modi,https://www.financialexpress.com/india-news/explain-why-technical-loan-write-off-route-applied-to-fugitives-like-nirav-vijay-mallya-chidambaram-to-govt/1943634/,none
196,nirav modi,https://www.dnaindia.com/business/report-nirav-modi-mehul-choksi-s-luxury-cars-fetch-rs-329-crore-2743414,none
197,nirav modi,https://timesofindia.indiatimes.com/business/india-business/drt-allows-pnb-to-recover-over-rs-7200-crore-from-nirav-modi-and-his-companies/articleshow/70103885.cms,none
198,nirav modi,https://www.vice.com/en/article/jgx9j7/netflixs-bad-boy-billionaires-investigates-indias-biggest-accused-scammers-now-its-subjects-are-trying-to-block-its-release,none
199,nirav modi,https://www.nationalheraldindia.com/india/not-just-nirav-modi-pm-modi-had-yes-banks-rana-kapoor-posing-with-him-at-davos-too,none
200,nirav modi,https://www.dailyo.in/variety/coronavirus-vaccine-ahmedabad-lockdown-covid-19-vaccine-oxford-vaccine-subrata-roy/story/1/33883.html,none
201,nirav modi,https://www.indialegallive.com/column-news/the-big-brother-syndrome/,none
202,nirav modi,https://timesofindia.indiatimes.com/world/uk/indian-judge-tells-uk-court-cbi-charges-against-nirav-modi-would-not-stand-up-before-indian-law/articleshow/75726498.cms,none
203,nirav modi,https://www.ndtv.com/india-news/rahul-gandhi-pleads-not-guilty-in-defamation-case-over-his-why-do-all-thieves-have-modi-as-surname-r-2114519,none
204,nirav modi,https://thewire.in/law/nirav-modi-extradition-trial-to-resume-in-uk-court-on-sept-7,none
205,nirav modi,https://timesofindia.indiatimes.com/business/india-business/case-against-nirav-modi-very-short-on-proof-his-legal-team-tells-uk-court/articleshow/75695850.cms,none
206,nirav modi,https://www.newindianexpress.com/opinions/editorials/2020/may/18/former-judge-puts-congress-on-back-foot-over-nirav-modi-scam-2144672.html,none
207,nirav modi,https://timesofindia.indiatimes.com/business/india-business/nirav-modis-remand-extended-for-next-extradition-hearing-on-november-3/articleshow/78575843.cms,none
208,nirav modi,https://www.deccanchronicle.com/nation/current-affairs/250820/interpol-issues-global-arrest-warrant-against-fraudster-nirav-modis-w.html,none
209,nirav modi,https://zeenews.india.com/india/defamation-case-against-rahul-gandhi-for-making-derogatory-remark-against-pm-modi-2095041.html,none
210,nirav modi,https://timesofindia.indiatimes.com/business/india-business/ed-confiscates-over-rs-329-crore-assets-of-nirav-modi-under-fugitive-law/articleshow/76854644.cms,none
211,nirav modi,https://timesofindia.indiatimes.com/business/india-business/nirav-modi-uk-extradition-judgment-to-be-delivered-after-dec-1/articleshow/77785624.cms,none
212,nirav modi,https://timesofindia.indiatimes.com/business/india-business/nirav-modis-barrister-says-he-will-face-trial-by-media-in-india/articleshow/78025017.cms,none
213,nirav modi,https://www.thehindu.com/news/national/nirav-modi-case-fresh-cbi-charge-sheet-against-retired-pnb-official-for-disproportionate-assets/article32752118.ece,none
214,nirav modi,https://timesofindia.indiatimes.com/business/india-business/nirav-modi-fails-to-get-press-blackout-on-justice-thipsays-evidence-loses-battle-on-first-day-of-extradition-hearing/articleshow/77979904.cms,none
215,nirav modi,https://www.newindianexpress.com/business/2020/aug/18/nclat-sets-aside-order-against-former-pnb-official-in-nirav-modi-case-2185102.html,none
216,nirav modi,https://www.tribuneindia.com/news/nation/court-allows-confiscation-of-nirav-modis-assets-96537,none
217,nirav modi,https://timesofindia.indiatimes.com/business/india-business/nirav-modi-further-remanded-in-custody-until-august-27-trial-begins-in-september/articleshow/77400062.cms,none
218,nirav modi,https://timesofindia.indiatimes.com/business/india-business/nirav-modi-choksi-jewels-worth-rs-1350cr-land-in-eds-hands/articleshow/76311537.cms,none
219,nirav modi,https://www.newindianexpress.com/entertainment/review/2020/oct/10/bad-boy-billionaires-indiareview-familiar-stories-gripping-narratives-2208181.html,none
220,nirav modi,https://timesofindia.indiatimes.com/business/india-business/nirav-modi-set-for-remote-extradition-trial-from-may-11-in-uk-court/articleshow/75432990.cms,none
221,nirav modi,https://timesofindia.indiatimes.com/business/india-business/nirav-modi-remanded-in-custody-till-july-9-by-uk-court/articleshow/76319569.cms,none
222,nirav modi,https://timesofindia.indiatimes.com/business/india-business/pnb-hasnt-got-a-penny-from-fugitives-nirav-modi-mehul-choksi/articleshow/78760407.cms,none
223,nirav modi,https://timesofindia.indiatimes.com/india/former-sc-judge-markandey-katju-challenged-as-self-publicist-at-nirav-modi-uk-hearing/articleshow/78064760.cms,none
224,nirav modi,https://www.bloomberg.com/news/articles/2020-10-07/netflix-wins-india-legal-battle-over-rogue-billionaires-series,none
225,nirav modi,https://www.newindianexpress.com/world/2020/aug/06/nirav-modis-judicial-remand-extends-to-august-27-trial-begins-in-september-2179947.html,none
226,nirav modi,https://scroll.in/latest/929629/patna-rahul-gandhi-granted-bail-in-defamation-case-filed-for-jibe-at-modi-surname,none
227,nirav modi,https://www.inventiva.co.in/stories/uk-court-extends-judicial-custody-of-nirav-modi-till-6-august/,none
228,nirav modi,https://www.newindianexpress.com/business/2020/may/25/pnb-fraud-case-interpol-notice-against-nirav-modis-brother-put-up-for-public-viewing-again-2147865.html,none
229,nirav modi,https://www.deccanherald.com/brandspot/pr-spot/netflix-wins-over-bad-boy-billionaires-a-lex-witness-viewpoint-903197.html,none
230,nirav modi,https://timesofindia.indiatimes.com/india/ed-rebuffs-mercy-plea-of-nirav-modis-brother-extradition-soon/articleshow/75221993.cms,none
231,nirav modi,https://timesofindia.indiatimes.com/business/india-business/nirav-modis-next-extradition-hearing-in-pnb-fraud-case-on-april-28-faces-additional-cbi-charges/articleshow/75168303.cms,none
232,nirav modi,https://www.newindianexpress.com/business/2020/mar/06/uk-court-rejects-pnb-scam-accused-nirav-modis-bail-plea-for-fifth-time-2113096.html,none
233,nirav modi,https://www.business-standard.com/article/pti-stories/mallya-nirav-modi-faced-court-heat-relief-for-ajit-pawar-119122600557_1.html,none
234,nirav modi,https://timesofindia.indiatimes.com/business/india-business/nirav-modi-moves-london-hc-for-second-time-in-attempt-to-get-out-of-jail/articleshow/74465040.cms,none
235,nirav modi,https://timesofindia.indiatimes.com/business/india-business/nirav-modis-barrister-describes-prison-conditions-in-india-as-shameful-inhuman/articleshow/78002517.cms,none
236,nirav modi,https://www.freepressjournal.in/india/justice-thipsay-defends-his-role-in-nirav-modi-case,none
237,nirav modi,https://economictimes.indiatimes.com/news/politics-and-nation/rahul-exempted-from-personal-appearance-in-modi-surname-defamation-case/articleshow/70243649.cms,none
238,nirav modi,https://thewire.in/law/after-mehul-choksi-objects-to-docuseries-delhi-hc-asks-netflix-to-consider-pre-screening,none
239,nirav modi,https://www.newindianexpress.com/world/2020/feb/27/pnb-fraud-case-nirav-modis-remand-extended-to-march-24-by-uk-court-2109365.html,none
240,nirav modi,https://thewire.in/politics/rahul-pleads-not-guilty-in-defamation-case-over-thieves-share-modi-surname-remark,none
241,nirav modi,https://timesofindia.indiatimes.com/city/hyderabad/new-vizag-top-cop-has-handled-nirav-modi-case/articleshow/77513364.cms,none
242,nirav modi,https://www.newindianexpress.com/business/2020/feb/26/nirav-modis-rolls-royce-ghost-diamond-watch-among-112-assets-to-go-under-hammer-2108829.html,none
243,nirav modi,https://www.ndtv.com/india-news/after-ministers-attack-over-nirav-modi-congress-leader-threatens-defamation-1813956,none
244,nirav modi,https://www.livelaw.in/interviews/jutice-thipsay-defends-legal-opinion-given-in-nirav-modis-case-extradition-no-offence-of-cheating-156849,none
245,nirav modi,https://timesofindia.indiatimes.com/business/india-business/prized-art-of-fugitive-diamond-merchant-nirav-modi-to-hit-auction-block/articleshow/74279392.cms,none
246,nirav modi,https://timesofindia.indiatimes.com/business/india-business/trust-assets-attached-sans-notice-says-nirav-modis-son-notice-served-to-trustees-says-ed/articleshow/77468526.cms,none
247,nirav modi,https://www.newindianexpress.com/lifestyle/books/2020/feb/19/chronicling-indias-diamond-mogul-nirav-modis-rise-and-fall-2105315.html,none
248,nirav modi,https://timesofindia.indiatimes.com/city/mumbai/arthur-road-jail-humanly-degrading-says-nirav-modis-barrister/articleshow/78009093.cms,none
249,nirav modi,https://timesofindia.indiatimes.com/business/india-business/pnb-fraud-case-nirav-modi-to-appear-for-remand-hearing-in-uk/articleshow/73761232.cms,none
250,nirav modi,https://www.vice.com/en/article/jgx9j7/netflixs-bad-boy-billionaires-investigates-indias-biggest-accused-scammers-now-its-subjects-are-trying-to-block-its-release,none
251,nirav modi,https://timesofindia.indiatimes.com/world/uk/nirav-modi-denied-bail-again/articleshow/71945056.cms,none
252,nirav modi,https://www.deccanchronicle.com/business/companies/141219/nirav-modi-scam-hits-rough-diamonds.html,none
253,nirav modi,https://timesofindia.indiatimes.com/city/jaipur/ed-attaches-12-windmills-of-nirav-modis-kin-in-jaisalmer/articleshow/76882994.cms,none
254,nirav modi,https://www.telegraphindia.com/india/rahul-gandhi-in-court-in-libel-case/cid/1710750,none
255,nirav modi,https://www.deccanherald.com/national/bmc-attaches-nirav-modis-properties-for-tax-recovery-810777.html,none
256,nirav modi,https://thewire.in/politics/india-modi-third-world-authoritarian,none
257,nirav modi,https://timesofindia.indiatimes.com/business/india-business/nirav-modi-threatened-to-kill-top-exec-cbi/articleshow/72910161.cms,none
258,nirav modi,https://www.newindianexpress.com/business/2020/mar/04/nclt-orders-liquidation-of-nirav-modis-scam-hit-firm-firestar-diamond-international-2112089.html,none
259,nirav modi,https://www.india.com/news/nirav-modis-seized-artworks-handbags-watches-cars-to-go-under-hammer-at-saffronart-two-auctions-3916914/,none
260,nirav modi,https://www.indiatvnews.com/news/india/pnb-fraud-nirav-modi-extradition-trial-from-may-11-uk-court-london-612436,none
261,nirav modi,https://www.newindianexpress.com/nation/2020/aug/28/delhi-hc-dismisses-mehul-choksis-plea-for-pre-screening-of-netflix-show-bad-boy-billionaires-2189440.html,none
262,nirav modi,https://www.ndtv.com/india-news/rahul-gandhi-to-appear-in-surat-court-in-defamation-case-on-october-10-2113737,none
263,nirav modi,https://timesofindia.indiatimes.com/business/india-business/pnb-fraud-nirav-modi-declared-fugitive-economic-offender/articleshow/72380087.cms,none
264,nirav modi,https://www.newindianexpress.com/business/2020/mar/03/nirav-modis-son-rohin-moves-bombay-hc-to-stop-march-6-auction-of-seized-paintings-2111654.html,none
265,nirav modi,https://www.newindianexpress.com/business/2020/feb/27/auction-of-pnb-scam-accused-nirav-modis-assets-postponed-to-take-place-on-march-5-2109255.html,none
266,nirav modi,https://www.indiatoday.in/india/story/cbi-interpol-nirav-modi-pnb-scam-nehal-modi-1616849-2019-11-07,none
267,nirav modi,https://www.newindianexpress.com/nation/2019/nov/07/pnb-scam-will-commit-suicide-if-extradited-to-india-says-nirav-modi-2058399.html,none
268,nirav modi,https://timesofindia.indiatimes.com/city/mumbai/nirav-modi-a-fugitive-economic-offender-property-confiscation-hearing-next/articleshow/72394654.cms,none
269,nirav modi,https://theprint.in/india/4-bad-boy-billionaires-where-to-find-them-what-netflix-on-mallya-modi-roy-raju-reveals/496463/,none
270,nirav modi,https://indianexpress.com/elections/third-summon-to-rahul-gandhi-now-for-his-modi-chor-remark-5707741/,none
271,nirav modi,https://www.forbes.com/sites/denizcam/2018/03/09/indian-jeweler-nirav-modis-fortune-up-in-smoke-amid-bank-fraud-allegations/,none
272,nirav modi,https://www.newindianexpress.com/business/2020/apr/28/over-rs-68600-crore-of-loans-of-wilful-defaulters-including-mallya-choksi-written-off-rbi-2136593.html,none
273,nirav modi,https://economictimes.indiatimes.com/news/politics-and-nation/rahul-gandhi-pleads-not-guilty-in-defamation-case-gets-bail/articleshow/71539641.cms,none
274,nirav modi,https://www.ndtv.com/india-news/nirav-modi-fugitive-businessman-arrested-in-london-say-sources-2010369,none
275,nirav modi,https://www.deccanchronicle.com/nation/politics/160419/sushil-modi-to-file-defamation-suit-against-rahul-over-all-thieves.html,none
276,nirav modi,https://www.newindianexpress.com/nation/2020/sep/01/mehul-choksi-appeals-against-dismissal-of-plea-for-pre-screening-of-netflixs-bad-boy-billionaires-2191002.html,none
277,nirav modi,https://www.deccanchronicle.com/nation/current-affairs/091018/nirav-modi-fake-diamond-ring-canadian-man-lose-girlfriend-rs-14-crore.html,none
278,nirav modi,https://timesofindia.indiatimes.com/business/india-business/nirav-modis-assets-worth-rs-2400cr-may-be-sold/articleshow/72409710.cms,none
279,nirav modi,https://www.deccanchronicle.com/entertainment/television/070920/will-mehul-choksi-get-to-censor-scenes-in-netflix-documentary-bad-b.html,none
280,nirav modi,https://economictimes.indiatimes.com/news/politics-and-nation/will-move-court-to-get-clarification-on-arrest-warrant-shashi-tharoor/articleshow/72924885.cms,none
281,nirav modi,https://punemirror.indiatimes.com/pune/others/belgium-will-not-extradite-nirav-modis-siblings-and-biz-associate/articleshow/72032418.cms,none
282,nirav modi,https://economictimes.indiatimes.com/news/politics-and-nation/rahul-back-to-appear-before-gujarat-court-in-defamation-case/articleshow/71515524.cms,none
283,nirav modi,https://timesofindia.indiatimes.com/business/india-business/bombay-hc-declines-interim-medical-bail-to-pnb-case-accused-hemant-bhatt/articleshow/75633653.cms,none
284,nirav modi,https://www.ndtv.com/india-news/court-orders-nirav-modi-aides-pay-over-rs-7-200-crore-with-interest-2065273,none
285,nirav modi,https://www.tribuneindia.com/news/archive/nation/nirav-modi-fled-india-on-jan-1-544819,none
286,nirav modi,https://www.indiatoday.in/india/story/interpol-rejects-nirav-modi-s-sister-plea-challenging-red-corner-notice-1609103-2019-10-14,none
287,nirav modi,https://www.newindianexpress.com/nation/2020/aug/26/mehul-choksi-moves-delhi-hc-against-upcoming-web-series-bad-boy-billionaires-2188490.html,none
288,nirav modi,https://timesofindia.indiatimes.com/business/india-business/ed-hopeful-vijay-mallya-will-be-in-india-in-28-days/articleshow/75262144.cms,none
289,nirav modi,https://timesofindia.indiatimes.com/business/india-business/nirav-modi-remanded-to-custody-in-uk-prison-until-october-17/articleshow/71200238.cms,none
290,nirav modi,https://economictimes.indiatimes.com/news/politics-and-nation/rahul-gandhi-will-be-busy-in-the-coming-days-with-series-of-defamation-cases/articleshow/70071529.cms,none
291,nirav modi,https://timesofindia.indiatimes.com/city/mumbai/exempt-nirav-modis-properties-from-confiscation-pnb/articleshow/73199401.cms,none
292,nirav modi,https://www.freepressjournal.in/india/rajiv-gandhi-for-millennials-6-reasons-why-hating-bjp-isnt-a-good-enough-reason-to-whitewash-the-late-pm,none
293,nirav modi,https://www.thehindu.com/news/cities/mumbai/nirav-modis-house-likely-to-be-blown-up/article26133166.ece,none
294,nirav modi,https://www.news18.com/news/politics/pm-modi-has-money-for-loan-defaulters-not-for-farmers-sitaram-yechury-2596801.html,none
295,nirav modi,https://www.republicworld.com/india-news/politics/shiv-sena-backs-jaya-bachchan-and-targets-people-defaming-bollywood.html,none
296,nirav modi,https://www.indiatoday.in/india/story/nirav-modi-fresh-bail-plea-london-court-pnb-scam-depression-1614043-2019-10-30,none
297,nirav modi,https://www.pgurus.com/mumbai-police-registers-case-against-new-uttarakhand-web-portal-for-trying-to-malign-and-blackmail-maharashtra-governor-bhagat-singh-koshyari/,none
298,nirav modi,https://economictimes.indiatimes.com/news/politics-and-nation/uk-court-rejects-nirav-modis-bail-for-the-seventh-time-in-punjab-national-bank-fraud-case/articleshow/78875129.cms,none
299,nirav modi,https://indianewengland.com/2020/10/uk-court-again-rejects-nirav-modis-bail-in-pnb-fraud-case/,none
300,nirav modi,https://scroll.in/latest/977615/pnb-scam-uk-court-admits-evidence-by-cbi-ed-against-nirav-modi-in-extradition-trial,none
301,nirav modi,https://www.sentinelassam.com/international/pnb-fraud-case-uk-court-again-rejects-nirav-modis-bail-plea-508672,none
302,nirav modi,https://www.deccanherald.com/business/business-news/nirav-modi-extradition-case-uk-judge-admits-cbi-ed-evidence-910932.html,none
303,nirav modi,https://www.newindianexpress.com/business/2020/nov/02/pnb-scam-nirav-modi-extradition-case-to-enter-final-stages-in-uk-court-2218414.html,none
304,nirav modi,https://www.hindustantimes.com/india-news/india-seeks-expeditious-extradition-of-vijay-mallya-nirav-modi-from-uk/story-qTe16rSVEq9ekNxlSp599M.html,none
305,nirav modi,https://www.timesnownews.com/business-economy/economy/article/pnb-case-nirav-modi-bail-rejected-in-uk-court/672972,none
306,nirav modi,https://www.deccanchronicle.com/business/in-other-news/070920/pnb-fraud-nirav-modis-extradition-trial-to-resume-in-uk-court-today.html,none
307,nirav modi,https://economictimes.indiatimes.com/news/politics-and-nation/pnb-fraud-case-nirav-modi-to-appear-for-remand-hearing-in-uk/articleshow/73761275.cms,none
308,nirav modi,https://www.livemint.com/news/india/nirav-modi-scam-pnb-gets-rs-24-crore-as-first-tranche-of-recovery-11598367470736.html,none
309,nirav modi,https://www.thehindu.com/news/national/pnb-fraud-case-against-nirav-modi-very-short-on-proof-his-legal-team-tells-uk-court/article31565994.ece,none
310,nirav modi,https://economictimes.indiatimes.com/news/politics-and-nation/pnb-bank-scam-fugitive-nirav-modi-seeks-bail-citing-depression/videoshow/78042274.cms,none
311,nirav modi,https://theprint.in/india/nirav-modi-uk-extradition-judgment-in-pnb-fraud-case-to-be-delivered-after-1-december/490408/,none
312,nirav modi,https://economictimes.indiatimes.com/news/politics-and-nation/pnb-fraud-case-court-orders-state-to-seize-nirav-modis-properties-worth-rs-1400-crore/videoshow/76264567.cms,none
313,nirav modi,https://www.thehindu.com/news/national/nirav-modi-case-fresh-cbi-charge-sheet-against-retired-pnb-official-for-disproportionate-assets/article32752118.ece,none
314,nirav modi,https://www.hindustantimes.com/india-news/nirav-modi-s-brother-offers-to-help-ed-in-pnb-fraud-case/story-Vfvq4QZkWANP1iCtZwXvkN.html,none
315,nirav modi,https://www.thehindu.com/news/national/pnb-fraud-case-enforcement-directorate-brings-back-1350-crore-worth-gems-and-jewellery-of-nirav-modi-and-mehul-choksi/article31796446.ece,none
316,nirav modi,https://scroll.in/latest/969659/pnb-scam-nirav-modi-to-be-in-custody-till-august-27-trial-to-begin-in-september-says-london-court,none
317,nirav modi,https://www.thehindu.com/news/national/pnb-fraud-case-interpol-issues-global-arrest-warrant-against-nirav-modis-wife/article32436802.ece,none
318,nirav modi,https://economictimes.indiatimes.com/news/politics-and-nation/pnb-scam-court-allows-confiscation-of-nirav-modis-assets/articleshow/76265635.cms,none
319,nirav modi,https://www.businesstoday.in/current/economy-politics/nirav-modi-scam-cbi-books-ex-pnb-manager-gokulnath-shetty-in-bribery-case/story/419414.html,none
320,nirav modi,https://www.deccanherald.com/business/business-news/nirav-modis-next-extradition-hearing-in-pnb-fraud-case-on-april-28-825883.html,none
321,nirav modi,https://sambadenglish.com/not-just-scam-1992-5-instances-when-the-indian-stock-market-hit-by-fraudsters/,none
322,nirav modi,https://www.indiatvnews.com/news/world/pnb-fraud-case-nirav-modi-faces-high-risk-of-suicide-his-legal-team-tells-uk-court-mehul-choski-648679,none
323,nirav modi,https://www.newindianexpress.com/business/2020/may/25/pnb-fraud-case-interpol-notice-against-nirav-modis-brother-put-up-for-public-viewing-again-2147865.html,none
324,nirav modi,https://economictimes.indiatimes.com/news/politics-and-nation/nirav-modi-remanded-in-custody-till-july-9-by-uk-court/articleshow/76320189.cms,none
325,nirav modi,https://www.deccanherald.com/business/pnb-scam-nirav-modi-extradition-case-in-uk-adjourned-until-september-837574.html,none
326,nirav modi,https://economictimes.indiatimes.com/news/politics-and-nation/uk-court-further-remands-nirav-modi-to-appear-on-january-30/articleshow/73071409.cms,none
327,nirav modi,https://www.thehindu.com/news/national/nirav-modis-remand-extended-for-next-extradition-hearing-on-november-3/article32814734.ece,none
328,nirav modi,https://www.businesstoday.in/current/economy-politics/pnb-fraud-nirav-modi-extradition-hearing-on-april-28-faces-more-cbi-charges/story/401135.html,none
329,nirav modi,https://www.firstpost.com/business/pnb-fraud-nirav-modi-remanded-to-custody-set-for-remote-extradition-trial-from-11-may-in-uk-court-8310151.html,none
330,nirav modi,https://www.business-standard.com/article/current-affairs/pnb-fraud-uk-court-further-extends-fugitive-nirav-modi-s-remand-to-aug-6-120070900933_1.html,none
331,nirav modi,https://news.bloomberglaw.com/bankruptcy-law/nirav-modi-associates-pressed-on-bankruptcy-court-fraud-claims,none
332,nirav modi,https://www.bbc.com/news/world-asia-india-47621519,none
333,nirav modi,https://economictimes.indiatimes.com/news/politics-and-nation/pnb-fraud-case-nirav-modi-to-appear-via-videolink-at-uk-court/articleshow/72363443.cms,none
334,nirav modi,https://economictimes.indiatimes.com/industry/banking/finance/banking/pnb-fraud-banks-may-liquidate-nirav-modis-firestar-international/articleshow/76701294.cms,none
335,nirav modi,https://www.deccanherald.com/metrolife/metrolife-lifestyle/how-to-use-a-scamsters-intelligence-918135.html,none
336,nirav modi,https://www.ndtv.com/india-news/nirav-modis-remand-extended-by-uk-court-till-march-24-in-pnb-fraud-case-2186890,none
337,nirav modi,http://newsonair.com/News?title=UK-court-rejects-Nirav-Modi%26%2339%3Bs-bail-plea-in-PNB-fraud-case-for-5th-time&id=382468,none
338,nirav modi,https://www.hindustantimes.com/mumbai-news/pnb-fraud-nirav-modi-s-scam-is-worth-rs-23-780-cr-says-cbi/story-WVrzDUUWgKJ0Jcng9skM3I.html,none
339,nirav modi,https://www.thehindu.com/news/cities/mumbai/pnb-hasnt-recovered-any-money-from-nirav-modi-mehul-choksi-rti-reply/article32904133.ece,none
340,nirav modi,https://www.thehindu.com/news/national/nirav-modi-extradition-case-uk-court-given-fresh-video-tour-of-mumbais-arthur-road-jail/article32547508.ece,none
341,nirav modi,https://www.businesstoday.in/current/corporate/pnb-fraud-case-nclt-orders-liquidation-fugitive-diamantaire-nirav-modi-scam-hit-firm/story/397559.html,none
342,nirav modi,https://mumbaimirror.indiatimes.com/mumbai/crime/modi-changed-structure-of-firms-to-conceal-crime-cbi/articleshow/73022458.cms,none
343,nirav modi,https://www.business-standard.com/article/current-affairs/india-catches-only-2-of-72-fugitive-economic-offenders-in-5-years-rti-120112000580_1.html,none
344,nirav modi,https://qz.com/india/1208266/the-1-8-billion-punjab-national-bank-nirav-modi-fraud-explained/,none
345,nirav modi,https://www.indiatvnews.com/business/news-pnb-fraud-case-nirav-modi-remanded-in-custody-until-april-15-600863,none
346,nirav modi,https://www.businesstoday.in/current/economy-politics/pnb-fraud-case-nirav-modi-remand-extended-by-uk-court-till-march-24/story/397117.html,none
347,nirav modi,https://www.indiatvnews.com/news/world/nirav-modi-bail-plea-rejected-for-fifth-time-uk-court-pnb-scam-595486,none
348,nirav modi,https://www.thehindubusinessline.com/money-and-banking/nirav-modi-case-pnb-gets-25-crore-as-first-tranche-of-claim-amount/article32404135.ece,none
349,nirav modi,https://economictimes.indiatimes.com/news/politics-and-nation/nirav-modis-fresh-bail-plea-rejected-by-uk-court-in-pnb-fraud-case/videoshow/71941482.cms,none
350,nirav modi,https://www.firstpost.com/business/pnb-scam-nirav-modis-rolls-royce-ghost-diamond-watches-among-112-assets-to-go-under-hammer-from-thursday-8088851.html,none
351,nirav modi,https://telanganatoday.com/telangana-hc-adjourns-case-on-bad-boy-billionaires-india-documentary,none
352,nirav modi,https://www.cnbc.com/2018/02/20/indian-jeweller-nirav-modi-denies-he-was-involved-in-bank-fraud-case.html,none
353,nirav modi,https://www.nytimes.com/2019/03/21/business/nirav-modi-arrested-fraud-jewelry.html,none
354,nirav modi,https://www.theweek.in/news/biz-tech/2020/03/18/pnb-to-start-recovery-of-money-from-nirav-modis-assets-auction.html,none
355,nirav modi,https://www.firstpost.com/business/auction-of-pnb-scam-accused-nirav-modis-assets-postponed-to-5-march-72-items-on-sale-in-online-auction-to-be-held-as-announced-earlier-8092501.html,none
356,nirav modi,https://www.hindustantimes.com/india-news/pnb-fraud-ed-opposes-robin-modi-s-petition-challenging-confiscation-of-property/story-eug6W7za3drD5nX0hjSU2L.html,none
357,nirav modi,https://retail.economictimes.indiatimes.com/news/apparel-fashion/jewellery/first-scam-hit-company-of-nirav-modi-ordered-to-be-liquidated/74491200,none
358,nirav modi,https://www.financialexpress.com/industry/nirav-modi-mehul-choksi-continue-to-haunt-gems-and-jewellery-cos-banks-not-willing-to-lend-money/1978787/,none
359,nirav modi,https://www.nbcnews.com/pop-culture/pop-culture-news/nirav-modi-vanishes-amid-accusations-massive-bank-fraud-n851131,none
360,nirav modi,https://economictimes.indiatimes.com/news/politics-and-nation/pnb-fraud-nirav-modi-to-stay-in-uk-jail-until-august-22/videoshow/70378480.cms,none
361,nirav modi,https://timesofindia.indiatimes.com/business/india-business/prized-art-of-fugitive-diamond-merchant-nirav-modi-to-hit-auction-block/articleshow/74279392.cms,none
362,nirav modi,https://qz.com/india/1549492/a-year-on-india-is-still-reeling-from-its-biggest-bank-fraud-while-the-perpetrators-are-at-large/,none
363,nirav modi,https://www.financialexpress.com/market/punjab-national-bank-fraud-loan-dhfl-nirav-modi-pnb-share-price/2019372/,none
364,nirav modi,https://qz.com/india/1660543/after-nirav-modi-another-scam-rocks-indias-punjab-national-bank/,none
365,nirav modi,https://indiatribune.com/india-catches-only-2-of-72-fugitive-scamsters-in-5-years-rti/,none
366,nirav modi,https://www.cnbctv18.com/legal/pnb-fraud-case-nirav-modi-remanded-until-february-27-by-a-london-court-5176061.htm,none
367,nirav modi,https://indianexpress.com/article/india/nirav-modi-pnb-scam-lous-worth-rs-25000-cr-were-issued-fraudulently-belgian-auditor-bdo-6149311/,none
368,nirav modi,https://www.thehindu.com/news/national/a-swift-autopsy-how-nirav-modi-defrauded-pnb/article22844201.ece,none
369,nirav modi,https://economictimes.indiatimes.com/news/politics-and-nation/mumbai-nirav-modi-declared-fugitive-economic-offender-in-pnb-scam-case/videoshow/72382192.cms,none
370,nirav modi,https://www.thehindu.com/business/Industry/all-you-need-to-know-about-nirav-modi-and-the-177-billion-pnb-fraud/article22753973.ece,none
371,nirav modi,https://economictimes.indiatimes.com/news/politics-and-nation/chronology-of-nirav-modis-case/articleshow/68636493.cms,none
372,nirav modi,https://www.businesstoday.in/current/corporate/yes-bank-loses-more-money-in-3-months-than-pnb-did-in-nirav-modi-scam/story/398281.html,none
373,nirav modi,https://economictimes.indiatimes.com/news/politics-and-nation/pnb-fraud-swiss-authorities-freeze-4-bank-accounts-of-nirav-modi-sister/articleshow/69971427.cms,none
374,nirav modi,https://www.thehindu.com/news/national/pnb-nirav-modi-and-a-fraud-that-went-undetected-for-7-years/article22765349.ece,none
375,nirav modi,https://www.livemint.com/news/india/pnb-fraud-case-sebi-slaps-penalty-of-rs-5-crore-on-mehul-choksi-others-11582817802910.html,none
376,nirav modi,https://economictimes.indiatimes.com/news/politics-and-nation/uk-court-rejects-nirav-modis-new-bail-application/articleshow/71940189.cms,none
377,nirav modi,https://www.livemint.com/politics/news/nirav-modi-appears-before-uk-court-for-his-second-bail-hearing-1553864946219.html,none
378,nirav modi,https://economictimes.indiatimes.com/news/politics-and-nation/nirav-modi-remanded-to-custody-in-uk-prison-until-august-22/articleshow/70378053.cms,none
379,nirav modi,https://qz.com/india/1370592/us-court-report-names-nirav-modi-firms-in-pnb-fraud/,none
380,nirav modi,https://www.outlookindia.com/website/story/business-news-two-pnb-officials-sacked-for-procedural-lapses-in-nirav-modi-fraud-case/323904,none
381,nirav modi,https://economictimes.indiatimes.com/news/politics-and-nation/nirav-modi-scam-government-seeks-more-time-to-file-progress-report/articleshow/68726172.cms,none
382,nirav modi,https://thewire.in/law/netflix-bad-boy-billionaires-release-restrained-satyam-scam-ramalinga-raju-stay,none
383,nirav modi,https://www.hindustantimes.com/mumbai-news/pnb-fraud-pmla-court-rejects-nirav-modi-s-plea-for-intervention/story-onpL59AzdX8ul3ZFPI5VHK.html,none
384,nirav modi,https://www.firstpost.com/business/pnb-fraud-cbi-set-to-file-fresh-charges-in-2-bn-loan-forgery-case-nirav-modis-kin-3-employees-likely-to-be-booked-7652561.html,none
385,nirav modi,https://www.livemint.com/companies/news/on-road-to-recovery-pnb-looks-to-get-rid-of-nirav-modi-shadow-11581271103362.html,none
386,nirav modi,https://www.newindianexpress.com/nation/2019/nov/07/pnb-scam-will-commit-suicide-if-extradited-to-india-says-nirav-modi-2058399.html,none
387,nirav modi,https://www.forbes.com/sites/denizcam/2018/03/09/indian-jeweler-nirav-modis-fortune-up-in-smoke-amid-bank-fraud-allegations/,none
388,nirav modi,https://www.business-standard.com/article/current-affairs/cbi-files-criminal-case-against-bjp-s-mohit-kamboj-in-nirav-modi-like-scam-120061701582_1.html,none
389,nirav modi,https://economictimes.indiatimes.com/news/politics-and-nation/pnb-fraud-uk-court-denies-bail-to-nirav-modi-for-third-time/videoshow/69244830.cms,none
390,nirav modi,https://www.financialexpress.com/industry/how-nirav-modi-escaped-despite-income-tax-red-flags-8-months-ago-check-details/1401702/,none
391,nirav modi,https://qz.com/india/1284400/pnb-nirav-modi-case-what-we-know-after-almost-100-days-of-indias-biggest-bank-fraud/,none
392,nirav modi,https://indianexpress.com/article/business/pnb-fraud-case-nirav-modi-routed-scam-cash-to-us-firm-says-court-examiner-5347779/,none
393,nirav modi,https://www.ft.com/content/3dcf0e7a-206f-11e8-8d6c-a1920d9e946f,none
394,nirav modi,https://www.financialexpress.com/india-news/pmc-bank-scam-vijay-mallya-nirav-modi-what-kept-mumbai-courts-busy-in-2019/1804713/,none
395,nirav modi,https://www.livemint.com/companies/news/pnb-fraud-case-nirav-modi-used-dummy-firms-to-divert-bank-loans-says-ed-1552442871516.html,none
396,nirav modi,https://telanganatoday.com/regulatory-laxity,none
397,nirav modi,https://www.livemint.com/opinion/columns/the-arrest-of-nirav-modi-and-the-rule-of-law-1553446074618.html,none
398,nirav modi,https://economictimes.indiatimes.com/news/politics-and-nation/uk-court-rejects-nirav-modis-bail-for-the-seventh-time-in-punjab-national-bank-fraud-case/articleshow/78875129.cms,none
399,nirav modi,https://scroll.in/latest/977615/pnb-scam-uk-court-admits-evidence-by-cbi-ed-against-nirav-modi-in-extradition-trial,none
400,nirav modi,https://www.newindianexpress.com/business/2020/nov/02/pnb-scam-nirav-modi-extradition-case-to-enter-final-stages-in-uk-court-2218414.html,none
401,nirav modi,https://www.deccanherald.com/business/business-news/nirav-modi-extradition-case-uk-judge-admits-cbi-ed-evidence-910932.html,none
402,nirav modi,https://www.timesnownews.com/business-economy/economy/article/pnb-case-nirav-modi-bail-rejected-in-uk-court/672972,none
403,nirav modi,https://www.deccanherald.com/metrolife/metrolife-lifestyle/how-to-use-a-scamsters-intelligence-918135.html,none
404,nirav modi,https://economictimes.indiatimes.com/news/politics-and-nation/pnb-bank-scam-fugitive-nirav-modi-seeks-bail-citing-depression/videoshow/78042274.cms,none
405,nirav modi,https://www.livemint.com/news/india/nirav-modi-scam-pnb-gets-rs-24-crore-as-first-tranche-of-recovery-11598367470736.html,none
406,nirav modi,https://scroll.in/latest/969659/pnb-scam-nirav-modi-to-be-in-custody-till-august-27-trial-to-begin-in-september-says-london-court,none
407,nirav modi,https://economictimes.indiatimes.com/news/politics-and-nation/pnb-fraud-case-nirav-modi-to-appear-for-remand-hearing-in-uk/articleshow/73761275.cms,none
408,nirav modi,https://economictimes.indiatimes.com/news/politics-and-nation/pnb-scam-court-allows-confiscation-of-nirav-modis-assets/articleshow/76265635.cms,none
409,nirav modi,https://sambadenglish.com/not-just-scam-1992-5-instances-when-the-indian-stock-market-hit-by-fraudsters/,none
410,nirav modi,https://www.deccanchronicle.com/business/in-other-news/070920/pnb-fraud-nirav-modis-extradition-trial-to-resume-in-uk-court-today.html,none
411,nirav modi,https://www.businesstoday.in/current/economy-politics/nirav-modi-scam-cbi-books-ex-pnb-manager-gokulnath-shetty-in-bribery-case/story/419414.html,none
412,nirav modi,https://www.deccanherald.com/business/pnb-scam-nirav-modi-extradition-case-in-uk-adjourned-until-september-837574.html,none
413,nirav modi,https://www.newindianexpress.com/business/2020/may/12/pnb-scam-case-against-nirav-modi-very-short-on-proof-his-legal-team-tells-uk-court-2142447.html,none
414,nirav modi,https://www.thehindu.com/news/national/nirav-modi-case-fresh-cbi-charge-sheet-against-retired-pnb-official-for-disproportionate-assets/article32752118.ece,none
415,nirav modi,https://theprint.in/india/nirav-modi-uk-extradition-judgment-in-pnb-fraud-case-to-be-delivered-after-1-december/490408/,none
416,nirav modi,https://indianexpress.com/article/cities/mumbai/pnb-scam-ed-opposes-plea-of-nirav-modis-son-on-confiscation-of-properties-6549410/,none
417,nirav modi,https://scroll.in/latest/972920/nirav-modi-a-convenient-scapegoat-wont-get-fair-trial-in-india-markandey-katju-tells-uk-court,none
418,nirav modi,https://economictimes.indiatimes.com/news/politics-and-nation/uk-court-further-remands-nirav-modi-to-appear-on-january-30/articleshow/73071409.cms,none
419,nirav modi,https://scroll.in/latest/964428/pnb-scam-london-court-sends-nirav-modi-to-custody-till-july-9-in-second-extradition-case,none
420,nirav modi,https://www.dnaindia.com/business/report-pnb-scam-nirav-modi-s-properties-worth-rs-329-cr-including-flats-in-london-and-uae-attached-by-ed-2831459,none
421,nirav modi,https://economictimes.indiatimes.com/news/politics-and-nation/pnb-fraud-case-court-orders-state-to-seize-nirav-modis-properties-worth-rs-1400-crore/videoshow/76264567.cms,none
422,nirav modi,https://www.thehindu.com/news/national/pnb-fraud-case-enforcement-directorate-brings-back-1350-crore-worth-gems-and-jewellery-of-nirav-modi-and-mehul-choksi/article31796446.ece,none
423,nirav modi,https://www.hindustantimes.com/india-news/nirav-modi-s-brother-offers-to-help-ed-in-pnb-fraud-case/story-Vfvq4QZkWANP1iCtZwXvkN.html,none
424,nirav modi,https://www.deccanherald.com/national/pnb-scam-uk-court-asks-nirav-modi-to-appear-on-jan-30-790926.html,none
425,nirav modi,https://indianexpress.com/article/india/nirav-modi-london-pnb-scam-6542546/,none
426,nirav modi,https://www.newindianexpress.com/opinions/editorials/2020/may/18/former-judge-puts-congress-on-back-foot-over-nirav-modi-scam-2144672.html,none
427,nirav modi,https://www.newindianexpress.com/business/2020/may/25/pnb-fraud-case-interpol-notice-against-nirav-modis-brother-put-up-for-public-viewing-again-2147865.html,none
428,nirav modi,https://www.thehindu.com/news/national/nirav-modis-remand-extended-for-next-extradition-hearing-on-november-3/article32814734.ece,none
429,nirav modi,https://www.thehindu.com/news/national/pnb-fraud-case-interpol-issues-global-arrest-warrant-against-nirav-modis-wife/article32436802.ece,none
430,nirav modi,https://www.deccanherald.com/business/business-news/nirav-modis-next-extradition-hearing-in-pnb-fraud-case-on-april-28-825883.html,none
431,nirav modi,https://mumbaimirror.indiatimes.com/mumbai/crime/modi-changed-structure-of-firms-to-conceal-crime-cbi/articleshow/73022458.cms,none
432,nirav modi,https://www.indiatvnews.com/news/world/nirav-modi-bail-plea-rejected-for-fifth-time-uk-court-pnb-scam-595486,none
433,nirav modi,https://www.thehindu.com/news/cities/mumbai/pnb-hasnt-recovered-any-money-from-nirav-modi-mehul-choksi-rti-reply/article32904133.ece,none
434,nirav modi,https://www.firstpost.com/business/pnb-scam-nirav-modis-rolls-royce-ghost-diamond-watches-among-112-assets-to-go-under-hammer-from-thursday-8088851.html,none
435,nirav modi,https://economictimes.indiatimes.com/news/politics-and-nation/pnb-scam-proclamation-order-issued-against-nirav-2-others/articleshow/72370952.cms,none
436,nirav modi,https://www.theweek.in/news/biz-tech/2020/03/18/pnb-to-start-recovery-of-money-from-nirav-modis-assets-auction.html,none
437,nirav modi,https://www.deccanchronicle.com/nation/current-affairs/211219/pnb-scam-nirav-modi-threatened-to-kill-companys-director-cbi-tells.html,none
438,nirav modi,https://www.businesstoday.in/current/economy-politics/pnb-scam-nirav-modi-to-be-in-custody-until-april-15/story/399020.html,none
439,nirav modi,https://www.businesstoday.in/current/economy-politics/pnb-fraud-nirav-modi-extradition-hearing-on-april-28-faces-more-cbi-charges/story/401135.html,none
440,nirav modi,https://www.bbc.com/news/world-asia-india-47621519,none
441,nirav modi,https://www.deccanchronicle.com/business/companies/141219/nirav-modi-scam-hits-rough-diamonds.html,none
442,nirav modi,https://www.firstpost.com/business/auction-of-pnb-scam-accused-nirav-modis-assets-postponed-to-5-march-72-items-on-sale-in-online-auction-to-be-held-as-announced-earlier-8092501.html,none
443,nirav modi,https://www.businesstoday.in/current/corporate/pnb-fraud-case-nclt-orders-liquidation-fugitive-diamantaire-nirav-modi-scam-hit-firm/story/397559.html,none
444,nirav modi,https://retail.economictimes.indiatimes.com/news/apparel-fashion/jewellery/first-scam-hit-company-of-nirav-modi-ordered-to-be-liquidated/74491200,none
445,nirav modi,https://qz.com/india/1208266/the-1-8-billion-punjab-national-bank-nirav-modi-fraud-explained/,none
446,nirav modi,https://www.financialexpress.com/industry/nirav-modi-mehul-choksi-continue-to-haunt-gems-and-jewellery-cos-banks-not-willing-to-lend-money/1978787/,none
447,nirav modi,https://www.firstpost.com/business/pnb-fraud-nirav-modi-remanded-to-custody-set-for-remote-extradition-trial-from-11-may-in-uk-court-8310151.html,none
448,nirav modi,https://indianexpress.com/article/india/nirav-modi-pnb-scam-lous-worth-rs-25000-cr-were-issued-fraudulently-belgian-auditor-bdo-6149311/,none
449,nirav modi,https://www.newindianexpress.com/world/2020/feb/27/pnb-fraud-case-nirav-modis-remand-extended-to-march-24-by-uk-court-2109365.html,none
450,nirav modi,https://www.thehindu.com/news/national/nirav-modi-extradition-case-uk-court-given-fresh-video-tour-of-mumbais-arthur-road-jail/article32547508.ece,none
451,nirav modi,https://economictimes.indiatimes.com/news/politics-and-nation/mumbai-nirav-modi-declared-fugitive-economic-offender-in-pnb-scam-case/videoshow/72382192.cms,none
452,nirav modi,https://qz.com/india/1660543/after-nirav-modi-another-scam-rocks-indias-punjab-national-bank/,none
453,nirav modi,https://timesofindia.indiatimes.com/business/india-business/prized-art-of-fugitive-diamond-merchant-nirav-modi-to-hit-auction-block/articleshow/74279392.cms,none
454,nirav modi,https://www.businesstoday.in/current/economy-politics/pnb-fraud-case-nirav-modi-remand-extended-by-uk-court-till-march-24/story/397117.html,none
455,nirav modi,https://www.thehindubusinessline.com/money-and-banking/nirav-modi-case-pnb-gets-25-crore-as-first-tranche-of-claim-amount/article32404135.ece,none
456,nirav modi,https://www.newindianexpress.com/nation/2019/nov/07/pnb-scam-will-commit-suicide-if-extradited-to-india-says-nirav-modi-2058399.html,none
457,nirav modi,https://www.businesstoday.in/current/corporate/yes-bank-loses-more-money-in-3-months-than-pnb-did-in-nirav-modi-scam/story/398281.html,none
458,nirav modi,https://qz.com/india/1549492/a-year-on-india-is-still-reeling-from-its-biggest-bank-fraud-while-the-perpetrators-are-at-large/,none
459,nirav modi,https://www.business-standard.com/article/current-affairs/cbi-files-criminal-case-against-bjp-s-mohit-kamboj-in-nirav-modi-like-scam-120061701582_1.html,none
460,nirav modi,https://www.business-standard.com/article/current-affairs/drt-directs-nirav-modi-partners-to-pay-rs-7-030-crore-with-interest-to-pnb-119112800866_1.html,none
461,nirav modi,https://www.forbes.com/sites/leezamangaldas/2018/02/22/billionaire-jeweler-accused-of-indias-biggest-ever-banking-scam-who-is-nirav-modi/,none
462,nirav modi,https://www.freepressjournal.in/india/pnb-scam-who-is-nirav-modis-witness-abhay-tipsey-and-how-is-he-related-to-rahul-gandhi,none
463,nirav modi,https://thewire.in/law/netflix-bad-boy-billionaires-release-restrained-satyam-scam-ramalinga-raju-stay,none
464,nirav modi,https://economictimes.indiatimes.com/news/politics-and-nation/nirav-modi-invested-pnb-scam-funds-in-us-firm-he-bought-in-2010/articleshow/68386608.cms,none
465,nirav modi,https://economictimes.indiatimes.com/news/politics-and-nation/chronology-of-nirav-modis-case/articleshow/68636493.cms,none
466,nirav modi,https://economictimes.indiatimes.com/news/politics-and-nation/nirav-modi-scam-government-seeks-more-time-to-file-progress-report/articleshow/68726172.cms,none
467,nirav modi,https://economictimes.indiatimes.com/news/politics-and-nation/nirav-modis-fresh-bail-plea-rejected-by-uk-court-in-pnb-fraud-case/videoshow/71941482.cms,none
468,nirav modi,https://www.financialexpress.com/india-news/pmc-bank-scam-vijay-mallya-nirav-modi-what-kept-mumbai-courts-busy-in-2019/1804713/,none
469,nirav modi,https://economictimes.indiatimes.com/news/politics-and-nation/pnb-scam-uk-high-court-denies-bail-to-nirav-modi/videoshow/69755228.cms,none
470,nirav modi,https://www.livemint.com/companies/news/on-road-to-recovery-pnb-looks-to-get-rid-of-nirav-modi-shadow-11581271103362.html,none
471,nirav modi,https://www.thehindu.com/news/national/a-swift-autopsy-how-nirav-modi-defrauded-pnb/article22844201.ece,none
472,nirav modi,https://www.financialexpress.com/industry/how-nirav-modi-escaped-despite-income-tax-red-flags-8-months-ago-check-details/1401702/,none
473,nirav modi,https://www.thequint.com/news/business/harshad-mehta-to-nirav-modi-what-india-scams-taught-journalist,none
474,nirav modi,https://www.thehindu.com/business/Industry/all-you-need-to-know-about-nirav-modi-and-the-177-billion-pnb-fraud/article22753973.ece,none
475,nirav modi,https://economictimes.indiatimes.com/news/politics-and-nation/pnb-fraud-nirav-modi-to-stay-in-uk-jail-until-august-22/videoshow/70378480.cms,none
476,nirav modi,https://scroll.in/latest/942875/pnb-scam-uk-court-rejects-nirav-modis-latest-bail-application,none
477,nirav modi,https://www.bloombergquint.com/pnb-fraud/nirav-modi-to-make-another-bail-plea-in-uk-court-on-may-8,none
478,nirav modi,https://www.nationalheraldindia.com/india/pnb-scam-mumbai-court-declares-nirav-modi-a-fugitive-economic-offender,none
479,nirav modi,https://qz.com/india/1370592/us-court-report-names-nirav-modi-firms-in-pnb-fraud/,none
480,nirav modi,https://scroll.in/article/869268/instrument-to-acquire-power-why-corruption-has-become-the-central-political-issue-in-india-today,none
481,nirav modi,https://scroll.in/latest/940512/pnb-scam-red-corner-notices-issued-against-nirav-modis-brothers-no-longer-visible-on-interpol-site,none
482,nirav modi,https://qz.com/india/1284400/pnb-nirav-modi-case-what-we-know-after-almost-100-days-of-indias-biggest-bank-fraud/,none
483,nirav modi,https://indianexpress.com/article/business/pnb-fraud-case-nirav-modi-routed-scam-cash-to-us-firm-says-court-examiner-5347779/,none
484,nirav modi,https://www.outlookindia.com/website/story/business-news-two-pnb-officials-sacked-for-procedural-lapses-in-nirav-modi-fraud-case/323904,none
485,nirav modi,https://www.financialexpress.com/market/punjab-national-bank-fraud-loan-dhfl-nirav-modi-pnb-share-price/2019372/,none
486,nirav modi,https://scroll.in/latest/934824/pnb-scam-nirav-modis-judicial-custody-extended-till-september-19,none
487,nirav modi,https://economictimes.indiatimes.com/news/politics-and-nation/pnb-fraud-swiss-authorities-freeze-4-bank-accounts-of-nirav-modi-sister/articleshow/69971427.cms,none
488,nirav modi,https://www.firstpost.com/business/nirav-modi-scam-us-court-prevents-creditors-from-collecting-debt-from-firestar-diamond-4373363.html,none
489,nirav modi,https://www.livemint.com/politics/news/nirav-modi-appears-before-uk-court-for-his-second-bail-hearing-1553864946219.html,none
490,nirav modi,https://www.financialexpress.com/industry/banking-finance/biggest-bank-scam-how-gujarat-based-diamond-merchant-nirav-modi-cheated-pnb-and-became-indias-most-wanted-fugitive/1511155/,none
491,nirav modi,https://www.businesstoday.in/current/economy-politics/pnb-scam-fugitive-nirav-modi-london-jail-extradition-westminster-magistrates-court-uk-enforcement-directorate-ed/story/385263.html,none
492,nirav modi,https://indianexpress.com/article/business/before-pnb-scam-broke-nirav-modi-tried-for-citizenship-of-vanuatu-was-rejected-5353494/,none
493,nirav modi,https://www.livemint.com/news/india/pnb-fraud-case-sebi-slaps-penalty-of-rs-5-crore-on-mehul-choksi-others-11582817802910.html,none
494,nirav modi,https://www.financialexpress.com/industry/india-moves-to-online-shopping-but-gold-silver-jewellery-market-still-obsessed-with-visiting-stores/2131981/,none
495,nirav modi,https://www.bloombergquint.com/business/pnb-nirav-modi-scam-a-year-after-indias-biggest-bank-fraud-the-pain-is-far-from-over,none
496,nirav modi,https://economictimes.indiatimes.com/news/politics-and-nation/nirav-modi-remanded-to-custody-in-uk-prison-until-august-22/articleshow/70378053.cms,none
